"","Isolate","Accession","Instrument","Study","Source category","Facility","Assembly length (bp)","Number of contigs","N50","Coverage","Species","Sequence type"
"1","PCMP_H112","SRR10116538","Illumina HiSeq 2500","2014-15","Urine","LTACH 4",5577476,79,270452,154.852,"Klebsiella pneumoniae","ST258"
"2","PCMP_H113","SRR10116537","Illumina HiSeq 2500","2014-15","Respiratory","LTACH 7",5945568,102,213658,255.965,"Klebsiella pneumoniae","ST258"
"3","PCMP_H338","SRR10116641","Illumina HiSeq 2500","2014-15","Blood","LTACH 7",5950498,101,210971,109.962,"Klebsiella pneumoniae","ST258"
"4","PCMP_H114","SRR10116536","Illumina HiSeq 2500","2014-15","Respiratory","LTACH 4",5757169,73,207052,126.762,"Klebsiella pneumoniae","ST15"
"5","PCMP_H115","SRR10116535","Illumina HiSeq 2500","2014-15","Respiratory","LTACH 12",5706623,83,234019,103.812,"Klebsiella pneumoniae","ST258"
"6","PCMP_H116","SRR10116534","Illumina HiSeq 2500","2014-15","Respiratory","LTACH 3",5643299,83,209760,162.937,"Klebsiella pneumoniae","ST258"
"7","PCMP_H211","SRR10116433","Illumina HiSeq 2500","2014-15","Respiratory","LTACH 3",5537285,78,192213,194.379,"Klebsiella pneumoniae","ST258"
"8","PCMP_H117","SRR10116533","Illumina HiSeq 2500","2014-15","Urine","LTACH 10",5681572,82,234019,131.349,"Klebsiella pneumoniae","ST258"
"9","PCMP_H119","SRR10116531","Illumina HiSeq 2500","2014-15","Wound","LTACH 12",5801620,90,214732,192.151,"Klebsiella pneumoniae","ST258"
"10","PCMP_H120","SRR10116529","Illumina HiSeq 2500","2014-15","Urine","LTACH 10",5576197,63,237760,98.4166,"Klebsiella pneumoniae","ST258"
"11","PCMP_H121","SRR10116528","Illumina HiSeq 2500","2014-15","Urine","LTACH 4",5693833,82,225374,84.4811,"Klebsiella pneumoniae","ST258"
"12","PCMP_H122","SRR10116527","Illumina HiSeq 2500","2014-15","Respiratory","LTACH 8",5566630,63,231093,130.153,"Klebsiella pneumoniae","ST258"
"13","PCMP_H11","SRR10116726","Illumina HiSeq 2500","2014-15","Respiratory","LTACH 3",6102032,112,209776,475.801,"Klebsiella pneumoniae","ST258"
"14","PCMP_H123","SRR10116526","Illumina HiSeq 2500","2014-15","Urine","LTACH 4",5530280,64,237760,132.472,"Klebsiella pneumoniae","ST258"
"15","PCMP_H125","SRR10116524","Illumina HiSeq 2500","2014-15","Urine","LTACH 7",5414848,65,270452,167.051,"Klebsiella pneumoniae","ST258"
"16","PCMP_H131","SRR10116518","Illumina HiSeq 2500","2014-15","Urine","LTACH 5",5630941,68,270193,95.6876,"Klebsiella pneumoniae","ST258"
"17","PCMP_H132","SRR10116517","Illumina HiSeq 2500","2014-15","Respiratory","LTACH 12",5703017,78,268501,121.74,"Klebsiella pneumoniae","ST258"
"18","PCMP_H133","SRR10116516","Illumina HiSeq 2500","2014-15","Respiratory","LTACH 7",5535197,57,321835,133.42,"Klebsiella pneumoniae","ST258"
"19","PCMP_H12","SRR10116541","Illumina HiSeq 2500","2014-15","Respiratory","LTACH 3",5667048,79,237852,224.666,"Klebsiella pneumoniae","ST258"
"20","PCMP_H134","SRR10116515","Illumina HiSeq 2500","2014-15","Respiratory","LTACH 9",5708138,70,225025,125.566,"Klebsiella pneumoniae","ST258"
"21","PCMP_H135","SRR10116514","Illumina HiSeq 2500","2014-15","Respiratory","LTACH 5",6078145,99,208675,144.103,"Klebsiella pneumoniae","ST258"
"22","PCMP_H136","SRR10116513","Illumina HiSeq 2500","2014-15","Respiratory","LTACH 13",5693336,74,237852,110.811,"Klebsiella pneumoniae","ST258"
"23","PCMP_H137","SRR10116512","Illumina HiSeq 2500","2014-15","Respiratory","LTACH 10",5392101,54,270452,151.347,"Klebsiella pneumoniae","ST258"
"24","PCMP_H138","SRR10116511","Illumina HiSeq 2500","2014-15","Urine","LTACH 13",5410361,54,237759,102.179,"Klebsiella pneumoniae","ST258"
"25","PCMP_H140","SRR10116510","Illumina HiSeq 2500","2014-15","Respiratory","LTACH 13",5554354,62,219263,133.182,"Klebsiella pneumoniae","ST258"
"26","PCMP_H142","SRR10116507","Illumina HiSeq 2500","2014-15","Respiratory","LTACH 4",5416706,58,260242,141.757,"Klebsiella pneumoniae","ST258"
"27","PCMP_H143","SRR10116506","Illumina HiSeq 2500","2014-15","Urine","LTACH 11",5690382,87,244866,198.035,"Klebsiella pneumoniae","ST258"
"28","PCMP_H13","SRR10116530","Illumina HiSeq 2500","2014-15","Respiratory","LTACH 10",5627803,69,269763,206.301,"Klebsiella pneumoniae","ST258"
"29","PCMP_H306","SRR10116677","Illumina HiSeq 2500","2014-15","Respiratory","LTACH 10",5723637,63,231093,144.704,"Klebsiella pneumoniae","ST258"
"30","PCMP_H146","SRR10116503","Illumina HiSeq 2500","2014-15","Respiratory","LTACH 5",5647251,62,270452,99.3896,"Klebsiella pneumoniae","ST258"
"31","PCMP_H147","SRR10116502","Illumina HiSeq 2500","2014-15","Respiratory","LTACH 13",5677317,86,215222,116.73,"Klebsiella pneumoniae","ST258"
"32","PCMP_H148","SRR10116501","Illumina HiSeq 2500","2014-15","Respiratory","LTACH 13",5392414,55,270452,73.5734,"Klebsiella pneumoniae","ST258"
"33","PCMP_H220","SRR10116423","Illumina HiSeq 2500","2014-15","Blood","LTACH 13",5353528,49,270408,84.7864,"Klebsiella pneumoniae","ST258"
"34","PCMP_H149","SRR10116500","Illumina HiSeq 2500","2014-15","Respiratory","LTACH 12",5555718,72,270819,157.319,"Klebsiella pneumoniae","ST258"
"35","PCMP_H150","SRR10116499","Illumina HiSeq 2500","2014-15","Respiratory","LTACH 13",5393217,53,270453,133.042,"Klebsiella pneumoniae","ST258"
"36","PCMP_H151","SRR10116498","Illumina HiSeq 2500","2014-15","Respiratory","LTACH 1",5448546,63,218027,205.19,"Klebsiella pneumoniae","ST258"
"37","PCMP_H323","SRR10116657","Illumina HiSeq 2500","2014-15","Respiratory","LTACH 1",5363556,46,270452,165.35,"Klebsiella pneumoniae","ST258"
"38","PCMP_H152","SRR10116496","Illumina HiSeq 2500","2014-15","Respiratory","LTACH 1",5367638,50,260246,54.6773,"Klebsiella pneumoniae","ST258"
"39","PCMP_H153","SRR10116495","Illumina HiSeq 2500","2014-15","Urine","LTACH 1",5367314,53,260246,54.1157,"Klebsiella pneumoniae","ST258"
"40","PCMP_H207","SRR10116437","Illumina HiSeq 2500","2014-15","Respiratory","LTACH 1",5365352,50,260242,183.146,"Klebsiella pneumoniae","ST258"
"41","PCMP_H154","SRR10116494","Illumina HiSeq 2500","2014-15","Respiratory","LTACH 5",5621248,68,269763,117.677,"Klebsiella pneumoniae","ST258"
"42","PCMP_H14","SRR10116519","Illumina HiSeq 2500","2014-15","Wound","LTACH 1",5644523,72,218218,148.086,"Klebsiella pneumoniae","ST258"
"43","PCMP_H157","SRR10116491","Illumina HiSeq 2500","2014-15","Respiratory","LTACH 1",5410934,61,270799,180.032,"Klebsiella pneumoniae","ST258"
"44","PCMP_H158","SRR10116490","Illumina HiSeq 2500","2014-15","Urine","LTACH 2",5413948,59,270412,134.601,"Klebsiella pneumoniae","ST258"
"45","PCMP_H412","SRR10116561","Illumina HiSeq 2500","2014-15","Respiratory","LTACH 13",5492474,72,270819,39.8719,"Klebsiella pneumoniae","ST258"
"46","PCMP_H159","SRR10116489","Illumina HiSeq 2500","2014-15","Respiratory","LTACH 8",5567224,59,270498,137.496,"Klebsiella pneumoniae","ST258"
"47","PCMP_H160","SRR10116488","Illumina HiSeq 2500","2014-15","Urine","LTACH 1",5762284,71,225025,147.712,"Klebsiella pneumoniae","ST258"
"48","PCMP_H162","SRR10116485","Illumina HiSeq 2500","2014-15","Urine","LTACH 12",5390717,49,323232,172.685,"Klebsiella pneumoniae","ST258"
"49","PCMP_H163","SRR10116484","Illumina HiSeq 2500","2014-15","Respiratory","LTACH 11",5581087,64,237760,158.842,"Klebsiella pneumoniae","ST258"
"50","PCMP_H164","SRR10116483","Illumina HiSeq 2500","2014-15","Urine","LTACH 12",5601316,72,198669,162.683,"Klebsiella pneumoniae","ST15"
"51","PCMP_H314","SRR10116668","Illumina HiSeq 2500","2014-15","Urine","LTACH 12",5714215,99,158995,183.515,"Klebsiella pneumoniae","ST258"
"52","PCMP_H165","SRR10116482","Illumina HiSeq 2500","2014-15","Respiratory","LTACH 10",5827563,90,270194,168.186,"Klebsiella pneumoniae","ST258"
"53","PCMP_H166","SRR10116481","Illumina HiSeq 2500","2014-15","Urine","LTACH 1",5415387,55,270819,136.036,"Klebsiella pneumoniae","ST258"
"54","PCMP_H15","SRR10116508","Illumina HiSeq 2500","2014-15","Urine","LTACH 13",5588898,78,270452,118.849,"Klebsiella pneumoniae","ST258"
"55","PCMP_H169","SRR10116478","Illumina HiSeq 2500","2014-15","Respiratory","LTACH 4",5687196,93,242727,121.086,"Klebsiella pneumoniae","ST258"
"56","PCMP_H170","SRR10116477","Illumina HiSeq 2500","2014-15","Blood","LTACH 12",5392085,51,270452,168.739,"Klebsiella pneumoniae","ST258"
"57","PCMP_H171","SRR10116476","Illumina HiSeq 2500","2014-15","Respiratory","LTACH 2",5737518,72,253587,135.803,"Klebsiella pneumoniae","ST258"
"58","PCMP_H172","SRR10116474","Illumina HiSeq 2500","2014-15","Urine","LTACH 1",5414094,59,270819,154.894,"Klebsiella pneumoniae","ST258"
"59","PCMP_H173","SRR10116473","Illumina HiSeq 2500","2014-15","Urine","LTACH 1",5306844,54,302661,166.514,"Klebsiella pneumoniae","ST258"
"60","PCMP_H174","SRR10116472","Illumina HiSeq 2500","2014-15","Respiratory","LTACH 1",5413068,57,270864,161.621,"Klebsiella pneumoniae","ST258"
"61","PCMP_H208","SRR10116436","Illumina HiSeq 2500","2014-15","Respiratory","LTACH 1",5413368,62,270864,163.996,"Klebsiella pneumoniae","ST258"
"62","PCMP_H176","SRR10116470","Illumina HiSeq 2500","2014-15","Blood","LTACH 5",6077226,102,208675,148.786,"Klebsiella pneumoniae","ST258"
"63","PCMP_H177","SRR10116469","Illumina HiSeq 2500","2014-15","Urine","LTACH 8",5692994,80,179389,141.257,"Klebsiella pneumoniae","ST258"
"64","PCMP_H179","SRR10116467","Illumina HiSeq 2500","2014-15","Respiratory","LTACH 7",5951745,86,270498,155.057,"Klebsiella pneumoniae","ST258"
"65","PCMP_H16","SRR10116497","Illumina HiSeq 2500","2014-15","Respiratory","LTACH 4",5707868,79,237860,104.848,"Klebsiella pneumoniae","ST258"
"66","PCMP_H93","SRR10116733","Illumina HiSeq 2500","2014-15","Respiratory","LTACH 4",5365575,58,220889,140.511,"Klebsiella pneumoniae","ST258"
"67","PCMP_H180","SRR10116466","Illumina HiSeq 2500","2014-15","Urine","LTACH 9",5478573,37,471911,92.1317,"Klebsiella pneumoniae","ST193"
"68","PCMP_H182","SRR10116463","Illumina HiSeq 2500","2014-15","Respiratory","LTACH 10",5830075,81,220318,99.8614,"Klebsiella pneumoniae","ST258"
"69","PCMP_H183","SRR10116462","Illumina HiSeq 2500","2014-15","Respiratory","LTACH 10",5809201,91,269699,107.15,"Klebsiella pneumoniae","ST258"
"70","PCMP_H184","SRR10116461","Illumina HiSeq 2500","2014-15","Blood","LTACH 8",5667246,60,225025,120.944,"Klebsiella pneumoniae","ST258"
"71","PCMP_H185","SRR10116460","Illumina HiSeq 2500","2014-15","Respiratory","LTACH 4",5519022,58,284054,58.6016,"Klebsiella pneumoniae","ST1832"
"72","PCMP_H186","SRR10116459","Illumina HiSeq 2500","2014-15","Respiratory","LTACH 5",5533931,66,238326,136.592,"Klebsiella pneumoniae","ST258"
"73","PCMP_H187","SRR10116458","Illumina HiSeq 2500","2014-15","Urine","LTACH 3",5378992,47,271294,79.9945,"Klebsiella pneumoniae","ST258"
"74","PCMP_H249","SRR10116392","Illumina HiSeq 2500","2014-15","Urine","LTACH 5",5520846,78,203933,118.675,"Klebsiella pneumoniae","ST258"
"75","PCMP_H17","SRR10116486","Illumina HiSeq 2500","2014-15","Respiratory","LTACH 4",5790791,87,203931,111.143,"Klebsiella pneumoniae","ST258"
"76","PCMP_H191","SRR10116454","Illumina HiSeq 2500","2014-15","Respiratory","LTACH 1",5410692,64,271294,71.9965,"Klebsiella pneumoniae","ST258"
"77","PCMP_H192","SRR10116452","Illumina HiSeq 2500","2014-15","Urine","LTACH 5",5608341,67,270193,120.928,"Klebsiella pneumoniae","ST258"
"78","PCMP_H193","SRR10116451","Illumina HiSeq 2500","2014-15","Respiratory","LTACH 12",5392909,71,177698,83.835,"Klebsiella pneumoniae","ST258"
"79","PCMP_H194","SRR10116450","Illumina HiSeq 2500","2014-15","Urine","LTACH 1",5697095,91,196228,94.1939,"Klebsiella pneumoniae","ST258"
"80","PCMP_H195","SRR10116449","Illumina HiSeq 2500","2014-15","Respiratory","LTACH 1",5405017,52,270452,143.767,"Klebsiella pneumoniae","ST258"
"81","PCMP_H196","SRR10116448","Illumina HiSeq 2500","2014-15","Urine","LTACH 1",5453054,61,271294,144.279,"Klebsiella pneumoniae","ST258"
"82","PCMP_H197","SRR10116447","Illumina HiSeq 2500","2014-15","Respiratory","LTACH 7",5966817,92,225270,96.0974,"Klebsiella pneumoniae","ST258"
"83","PCMP_H198","SRR10116446","Illumina HiSeq 2500","2014-15","Respiratory","LTACH 5",5609752,85,172645,93.4411,"Klebsiella pneumoniae","ST258"
"84","PCMP_H199","SRR10116445","Illumina HiSeq 2500","2014-15","Urine","LTACH 8",5940985,148,96134,108.815,"Klebsiella pneumoniae","ST258"
"85","PCMP_H200","SRR10116444","Illumina HiSeq 2500","2014-15","Respiratory","LTACH 13",5854589,83,210968,157.004,"Klebsiella pneumoniae","ST258"
"86","PCMP_H201","SRR10116443","Illumina HiSeq 2500","2014-15","Urine","LTACH 1",5683907,70,270819,78.6006,"Klebsiella pneumoniae","ST258"
"87","PCMP_H202","SRR10116441","Illumina HiSeq 2500","2014-15","Urine","LTACH 8",5980360,99,225553,178.84,"Klebsiella pneumoniae","ST258"
"88","PCMP_H204","SRR10116440","Illumina HiSeq 2500","2014-15","Respiratory","LTACH 8",5916864,116,135399,111.921,"Klebsiella pneumoniae","ST258"
"89","PCMP_H205","SRR10116439","Illumina HiSeq 2500","2014-15","Respiratory","LTACH 9",5588352,67,269715,153.337,"Klebsiella pneumoniae","ST258"
"90","PCMP_H206","SRR10116438","Illumina HiSeq 2500","2014-15","Respiratory","LTACH 4",5723085,90,234019,144.315,"Klebsiella pneumoniae","ST258"
"91","PCMP_H209","SRR10116435","Illumina HiSeq 2500","2014-15","Urine","LTACH 8",5918446,93,229914,102.392,"Klebsiella pneumoniae","ST258"
"92","PCMP_H210","SRR10116434","Illumina HiSeq 2500","2014-15","Urine","LTACH 8",5497561,86,156774,104.084,"Klebsiella pneumoniae","ST258"
"93","PCMP_H212","SRR10116432","Illumina HiSeq 2500","2014-15","Respiratory","LTACH 10",5522838,72,218029,368.525,"Klebsiella pneumoniae","ST258"
"94","PCMP_H213","SRR10116429","Illumina HiSeq 2500","2014-15","Respiratory","LTACH 3",5852720,93,215169,199.26,"Klebsiella pneumoniae","ST258"
"95","PCMP_H385","SRR10116591","Illumina HiSeq 2500","2014-15","Respiratory","LTACH 3",5850110,94,215169,131.607,"Klebsiella pneumoniae","ST258"
"96","PCMP_H214","SRR10116428","Illumina HiSeq 2500","2014-15","Urine","LTACH 5",6040571,100,197839,119.976,"Klebsiella pneumoniae","ST258"
"97","PCMP_H215","SRR10116427","Illumina HiSeq 2500","2014-15","Blood","LTACH 12",5391998,55,315262,77.3706,"Klebsiella pneumoniae","ST258"
"98","PCMP_H218","SRR10116425","Illumina HiSeq 2500","2014-15","Urine","LTACH 9",5584564,75,237860,74.3279,"Klebsiella pneumoniae","ST258"
"99","PCMP_H219","SRR10116424","Illumina HiSeq 2500","2014-15","Wound","LTACH 7",5483792,66,237759,56.3416,"Klebsiella pneumoniae","ST258"
"100","PCMP_H221","SRR10116422","Illumina HiSeq 2500","2014-15","Blood","LTACH 5",5530018,81,203910,40.8518,"Klebsiella pneumoniae","ST258"
"101","PCMP_H222","SRR10116421","Illumina HiSeq 2500","2014-15","Urine","LTACH 7",5678326,80,203919,62.0705,"Klebsiella pneumoniae","ST258"
"102","PCMP_H311","SRR10116671","Illumina HiSeq 2500","2014-15","Blood","LTACH 7",5610735,73,271295,120.509,"Klebsiella pneumoniae","ST258"
"103","PCMP_H224","SRR10116418","Illumina HiSeq 2500","2014-15","Urine","LTACH 13",5391295,53,323239,122.761,"Klebsiella pneumoniae","ST258"
"104","PCMP_H225","SRR10116417","Illumina HiSeq 2500","2014-15","Respiratory","LTACH 1",5412518,58,270452,141.009,"Klebsiella pneumoniae","ST258"
"105","PCMP_H226","SRR10116416","Illumina HiSeq 2500","2014-15","Respiratory","LTACH 13",5736894,98,203931,124.925,"Klebsiella pneumoniae","ST258"
"106","PCMP_H227","SRR10116415","Illumina HiSeq 2500","2014-15","Respiratory","LTACH 10",5686858,78,234019,144.961,"Klebsiella pneumoniae","ST258"
"107","PCMP_H229","SRR10116413","Illumina HiSeq 2500","2014-15","Urine","LTACH 9",5593110,76,270452,217.231,"Klebsiella pneumoniae","ST258"
"108","PCMP_H230","SRR10116412","Illumina HiSeq 2500","2014-15","Urine","LTACH 1",5403732,55,218102,86.6297,"Klebsiella pneumoniae","ST258"
"109","PCMP_H231","SRR10116411","Illumina HiSeq 2500","2014-15","Respiratory","LTACH 1",5323287,58,270452,92.4397,"Klebsiella pneumoniae","ST258"
"110","PCMP_H232","SRR10116410","Illumina HiSeq 2500","2014-15","Respiratory","LTACH 1",5405157,53,269463,158.896,"Klebsiella pneumoniae","ST258"
"111","PCMP_H233","SRR10116409","Illumina HiSeq 2500","2014-15","Respiratory","LTACH 1",5695867,83,237852,108.903,"Klebsiella pneumoniae","ST258"
"112","PCMP_H234","SRR10116407","Illumina HiSeq 2500","2014-15","Urine","LTACH 3",5540915,81,225105,96.0628,"Klebsiella pneumoniae","ST258"
"113","PCMP_H235","SRR10116406","Illumina HiSeq 2500","2014-15","Respiratory","LTACH 3",5824609,97,220207,142.275,"Klebsiella pneumoniae","ST258"
"114","PCMP_H237","SRR10116404","Illumina HiSeq 2500","2014-15","Urine","LTACH 13",5842008,87,210968,143.131,"Klebsiella pneumoniae","ST258"
"115","PCMP_H238","SRR10116403","Illumina HiSeq 2500","2014-15","Respiratory","LTACH 13",5591152,77,237860,101.045,"Klebsiella pneumoniae","ST258"
"116","PCMP_H349","SRR10116629","Illumina HiSeq 2500","2014-15","Respiratory","LTACH 13",5434425,165,265531,122.178,"Klebsiella pneumoniae","ST258"
"117","PCMP_H239","SRR10116402","Illumina HiSeq 2500","2014-15","Respiratory","LTACH 1",5696991,80,237852,241.679,"Klebsiella pneumoniae","ST258"
"118","PCMP_H247","SRR10116394","Illumina HiSeq 2500","2014-15","Respiratory","LTACH 1",5694104,81,237759,233.504,"Klebsiella pneumoniae","ST258"
"119","PCMP_H22","SRR10116442","Illumina HiSeq 2500","2014-15","Respiratory","LTACH 4",5693943,77,237852,164.005,"Klebsiella pneumoniae","ST258"
"120","PCMP_H250","SRR10116391","Illumina HiSeq 2500","2014-15","Urine","LTACH 13",5368037,59,237760,90.0446,"Klebsiella pneumoniae","ST258"
"121","PCMP_H403","SRR10116571","Illumina HiSeq 2500","2014-15","Respiratory","LTACH 13",5373605,64,175727,72.0355,"Klebsiella pneumoniae","ST418"
"122","PCMP_H251","SRR10116390","Illumina HiSeq 2500","2014-15","Respiratory","LTACH 10",5685097,95,203931,93.6663,"Klebsiella pneumoniae","ST258"
"123","PCMP_H409","SRR10116564","Illumina HiSeq 2500","2014-15","Respiratory","LTACH 10",5700538,89,234019,65.0584,"Klebsiella pneumoniae","ST258"
"124","PCMP_H252","SRR10116389","Illumina HiSeq 2500","2014-15","Blood","LTACH 7",5676795,70,269699,117.491,"Klebsiella pneumoniae","ST258"
"125","PCMP_H253","SRR10116388","Illumina HiSeq 2500","2014-15","Respiratory","LTACH 1",5452284,57,271294,214.487,"Klebsiella pneumoniae","ST258"
"126","PCMP_H254","SRR10116387","Illumina HiSeq 2500","2014-15","Respiratory","LTACH 12",5392814,54,323239,115.846,"Klebsiella pneumoniae","ST258"
"127","PCMP_H255","SRR10116385","Illumina HiSeq 2500","2014-15","Urine","LTACH 12",5412208,65,270452,76.8393,"Klebsiella pneumoniae","ST258"
"128","PCMP_H256","SRR10116384","Illumina HiSeq 2500","2014-15","Urine","LTACH 5",5706424,71,233716,162.588,"Klebsiella pneumoniae","ST258"
"129","PCMP_H257","SRR10116383","Illumina HiSeq 2500","2014-15","Respiratory","LTACH 5",5534577,69,224374,132.127,"Klebsiella pneumoniae","ST258"
"130","PCMP_H258","SRR10116382","Illumina HiSeq 2500","2014-15","Urine","LTACH 3",5612093,86,252217,86.2285,"Klebsiella pneumoniae","ST258"
"131","PCMP_H259","SRR10116381","Illumina HiSeq 2500","2014-15","Respiratory","LTACH 4",5663134,82,214452,70.3336,"Klebsiella pneumoniae","ST258"
"132","PCMP_H23","SRR10116430","Illumina HiSeq 2500","2014-15","Urine","LTACH 12",5391569,50,323232,730.634,"Klebsiella pneumoniae","ST258"
"133","PCMP_H260","SRR10116380","Illumina HiSeq 2500","2014-15","Respiratory","LTACH 13",5641918,82,260152,100.544,"Klebsiella pneumoniae","ST36"
"134","PCMP_H304","SRR10116679","Illumina HiSeq 2500","2014-15","Respiratory","LTACH 13",5592062,49,345339,190.298,"Klebsiella pneumoniae","ST36"
"135","PCMP_H261","SRR10116379","Illumina HiSeq 2500","2014-15","Urine","LTACH 1",5412144,64,269738,54.755,"Klebsiella pneumoniae","ST258"
"136","PCMP_H262","SRR10116378","Illumina HiSeq 2500","2014-15","Urine","LTACH 13",5608458,83,149743,79.2018,"Klebsiella pneumoniae","ST258"
"137","PCMP_H264","SRR10116377","Illumina HiSeq 2500","2014-15","Respiratory","LTACH 4",5691891,89,225279,83.7206,"Klebsiella pneumoniae","ST258"
"138","PCMP_H265","SRR10116376","Illumina HiSeq 2500","2014-15","Respiratory","LTACH 5",5532823,75,223215,76.3912,"Klebsiella pneumoniae","ST258"
"139","PCMP_H266","SRR10116374","Illumina HiSeq 2500","2014-15","Urine","LTACH 4",5651392,62,270452,147.157,"Klebsiella pneumoniae","ST258"
"140","PCMP_H331","SRR10116648","Illumina HiSeq 2500","2014-15","Urine","LTACH 4",5657105,80,234019,91.5459,"Klebsiella pneumoniae","ST258"
"141","PCMP_H267","SRR10116373","Illumina HiSeq 2500","2014-15","Urine","LTACH 7",5818788,101,204348,89.8894,"Klebsiella pneumoniae","ST258"
"142","PCMP_H268","SRR10116372","Illumina HiSeq 2500","2014-15","Respiratory","LTACH 5",5971746,101,270193,96.2198,"Klebsiella pneumoniae","ST258"
"143","PCMP_H272","SRR10116713","Illumina HiSeq 2500","2014-15","Respiratory","LTACH 7",5972487,91,270467,81.7189,"Klebsiella pneumoniae","ST258"
"144","PCMP_H319","SRR10116661","Illumina HiSeq 2500","2014-15","Respiratory","LTACH 7",5927497,83,270467,84.4606,"Klebsiella pneumoniae","ST258"
"145","PCMP_H24","SRR10116419","Illumina HiSeq 2500","2014-15","Respiratory","LTACH 2",5751494,70,208256,234.482,"Klebsiella pneumoniae","ST15"
"146","PCMP_H273","SRR10116712","Illumina HiSeq 2500","2014-15","Respiratory","LTACH 10",5598922,70,209473,58.0872,"Klebsiella pneumoniae","ST258"
"147","PCMP_H274","SRR10116711","Illumina HiSeq 2500","2014-15","Urine","LTACH 13",5684612,75,212487,72.27,"Klebsiella pneumoniae","ST258"
"148","PCMP_H275","SRR10116710","Illumina HiSeq 2500","2014-15","Blood","LTACH 4",5706419,88,214732,60.7966,"Klebsiella pneumoniae","ST258"
"149","PCMP_H276","SRR10116708","Illumina HiSeq 2500","2014-15","Respiratory","LTACH 1",5416180,60,270819,49.9274,"Klebsiella pneumoniae","ST258"
"150","PCMP_H281","SRR10116704","Illumina HiSeq 2500","2014-15","Respiratory","LTACH 11",5405871,50,270452,144.044,"Klebsiella pneumoniae","ST258"
"151","PCMP_H282","SRR10116703","Illumina HiSeq 2500","2014-15","Urine","LTACH 2",5254798,65,177712,92.5168,"Klebsiella pneumoniae","ST258"
"152","PCMP_H283","SRR10116702","Illumina HiSeq 2500","2014-15","Urine","LTACH 3",5818175,90,220890,167.177,"Klebsiella pneumoniae","ST258"
"153","PCMP_H284","SRR10116701","Illumina HiSeq 2500","2014-15","Respiratory","LTACH 8",5989316,98,219057,606.482,"Klebsiella pneumoniae","ST258"
"154","PCMP_H286","SRR10116699","Illumina HiSeq 2500","2014-15","Respiratory","LTACH 3",5853471,90,231105,92.7849,"Klebsiella pneumoniae","ST258"
"155","PCMP_H387","SRR10116589","Illumina HiSeq 2500","2014-15","Respiratory","LTACH 3",5851713,97,214732,109.604,"Klebsiella pneumoniae","ST258"
"156","PCMP_H25","SRR10116408","Illumina HiSeq 2500","2014-15","Respiratory","LTACH 1",5478680,69,185509,676.048,"Klebsiella pneumoniae","ST15-1LV"
"157","PCMP_H102","SRR10116723","Illumina HiSeq 2500","2014-15","Respiratory","LTACH 1",5487011,70,185509,181.694,"Klebsiella pneumoniae","ST15-1LV"
"158","PCMP_H287","SRR10116697","Illumina HiSeq 2500","2014-15","Respiratory","LTACH 1",5365906,49,260242,242.218,"Klebsiella pneumoniae","ST258"
"159","PCMP_H288","SRR10116696","Illumina HiSeq 2500","2014-15","Blood","LTACH 7",5956620,98,213660,110.195,"Klebsiella pneumoniae","ST258"
"160","PCMP_H289","SRR10116695","Illumina HiSeq 2500","2014-15","Urine","LTACH 11",5733078,75,216328,73.3937,"Klebsiella pneumoniae","ST258"
"161","PCMP_H291","SRR10116693","Illumina HiSeq 2500","2014-15","Respiratory","LTACH 3",5417782,57,270454,769.236,"Klebsiella pneumoniae","ST258"
"162","PCMP_H292","SRR10116692","Illumina HiSeq 2500","2014-15","Respiratory","LTACH 1",5451523,55,270819,190.589,"Klebsiella pneumoniae","ST258"
"163","PCMP_H294","SRR10116690","Illumina HiSeq 2500","2014-15","Respiratory","LTACH 7",5955431,101,213660,106.452,"Klebsiella pneumoniae","ST258"
"164","PCMP_H332","SRR10116647","Illumina HiSeq 2500","2014-15","Respiratory","LTACH 7",5961927,103,213660,129.895,"Klebsiella pneumoniae","ST258"
"165","PCMP_H295","SRR10116689","Illumina HiSeq 2500","2014-15","Respiratory","LTACH 10",5848125,105,234019,106.861,"Klebsiella pneumoniae","ST258"
"166","PCMP_H296","SRR10116688","Illumina HiSeq 2500","2014-15","Blood","LTACH 12",5584256,85,218605,101.821,"Klebsiella pneumoniae","ST258"
"167","PCMP_H297","SRR10116686","Illumina HiSeq 2500","2014-15","Urine","LTACH 13",5399250,57,260246,86.0588,"Klebsiella pneumoniae","ST258"
"168","PCMP_H298","SRR10116685","Illumina HiSeq 2500","2014-15","Respiratory","LTACH 4",5542374,64,354384,115.497,"Klebsiella pneumoniae","ST17"
"169","PCMP_H26","SRR10116397","Illumina HiSeq 2500","2014-15","Respiratory","LTACH 9",5592723,72,269763,370.014,"Klebsiella pneumoniae","ST258"
"170","PCMP_H299","SRR10116684","Illumina HiSeq 2500","2014-15","Respiratory","LTACH 5",5938844,79,257366,89.8901,"Klebsiella pneumoniae","ST258"
"171","PCMP_H300","SRR10116683","Illumina HiSeq 2500","2014-15","Respiratory","LTACH 4",5676471,75,237852,137.75,"Klebsiella pneumoniae","ST258"
"172","PCMP_H302","SRR10116681","Illumina HiSeq 2500","2014-15","Respiratory","LTACH 7",5956831,99,219343,105.858,"Klebsiella pneumoniae","ST258"
"173","PCMP_H303","SRR10116680","Illumina HiSeq 2500","2014-15","Urine","LTACH 12",5414794,57,270452,285.536,"Klebsiella pneumoniae","ST258"
"174","PCMP_H305","SRR10116678","Illumina HiSeq 2500","2014-15","Urine","LTACH 12",5536916,67,232753,214.66,"Klebsiella pneumoniae","ST258"
"175","PCMP_H307","SRR10116675","Illumina HiSeq 2500","2014-15","Respiratory","LTACH 1",5453923,50,318232,133.986,"Klebsiella pneumoniae","ST258"
"176","PCMP_H308","SRR10116674","Illumina HiSeq 2500","2014-15","Urine","LTACH 2",5257440,44,270872,107.309,"Klebsiella pneumoniae","ST258"
"177","PCMP_H312","SRR10116670","Illumina HiSeq 2500","2014-15","Blood","LTACH 9",5607766,72,234019,94.0102,"Klebsiella pneumoniae","ST258"
"178","PCMP_H27","SRR10116386","Illumina HiSeq 2500","2014-15","Respiratory","LTACH 4",5694505,79,225279,138.605,"Klebsiella pneumoniae","ST258"
"179","PCMP_H313","SRR10116669","Illumina HiSeq 2500","2014-15","Urine","LTACH 12",5389170,53,270452,410.673,"Klebsiella pneumoniae","ST258"
"180","PCMP_H315","SRR10116667","Illumina HiSeq 2500","2014-15","Urine","LTACH 5",5538834,65,231588,111.573,"Klebsiella pneumoniae","ST258"
"181","PCMP_H316","SRR10116666","Illumina HiSeq 2500","2014-15","Urine","LTACH 9",5635527,66,270193,296.794,"Klebsiella pneumoniae","ST258"
"182","PCMP_H317","SRR10116663","Illumina HiSeq 2500","2014-15","Respiratory","LTACH 4",5549627,64,270193,174.548,"Klebsiella pneumoniae","ST258"
"183","PCMP_H318","SRR10116662","Illumina HiSeq 2500","2014-15","Urine","LTACH 12",5500899,70,270799,131.585,"Klebsiella pneumoniae","ST258"
"184","PCMP_H446","SRR10116810","Illumina HiSeq 2500","2014-15","Urine","LTACH 12",5623102,74,270799,217.589,"Klebsiella pneumoniae","ST258"
"185","PCMP_H320","SRR10116660","Illumina HiSeq 2500","2014-15","Respiratory","LTACH 1",5453635,59,264881,145.895,"Klebsiella pneumoniae","ST258"
"186","PCMP_H321","SRR10116659","Illumina HiSeq 2500","2014-15","Urine","LTACH 4",6044909,115,190461,160.687,"Klebsiella pneumoniae","ST2237"
"187","PCMP_H322","SRR10116658","Illumina HiSeq 2500","2014-15","Respiratory","LTACH 2",5700101,80,248279,98.5818,"Klebsiella pneumoniae","ST258"
"188","PCMP_H324","SRR10116656","Illumina HiSeq 2500","2014-15","Respiratory","LTACH 1",5752922,71,198667,126.658,"Klebsiella pneumoniae","ST15"
"189","PCMP_H325","SRR10116655","Illumina HiSeq 2500","2014-15","Urine","LTACH 3",5845978,91,231105,145.254,"Klebsiella pneumoniae","ST258"
"190","PCMP_H478","SRR10116779","Illumina HiSeq 2500","2014-15","Urine","LTACH 3",5851119,97,171976,102.003,"Klebsiella pneumoniae","ST258"
"191","PCMP_H28","SRR10116375","Illumina HiSeq 2500","2014-15","Urine","LTACH 2",5537154,42,486645,154.197,"Klebsiella pneumoniae","ST345"
"192","PCMP_H328","SRR10116651","Illumina HiSeq 2500","2014-15","Respiratory","LTACH 4",5840640,93,270467,138.708,"Klebsiella pneumoniae","ST258"
"193","PCMP_H441","SRR10116815","Illumina HiSeq 2500","2014-15","Respiratory","LTACH 4",5826395,93,215169,136.868,"Klebsiella pneumoniae","ST258"
"194","PCMP_H329","SRR10116650","Illumina HiSeq 2500","2014-15","Blood","LTACH 7",5970655,101,220606,206.44,"Klebsiella pneumoniae","ST258"
"195","PCMP_H330","SRR10116649","Illumina HiSeq 2500","2014-15","Respiratory","LTACH 7",5694238,65,225024,129.507,"Klebsiella pneumoniae","ST258"
"196","PCMP_H334","SRR10116646","Illumina HiSeq 2500","2014-15","Respiratory","LTACH 7",5752804,73,208256,85.9694,"Klebsiella pneumoniae","ST15"
"197","PCMP_H335","SRR10116645","Illumina HiSeq 2500","2014-15","Respiratory","LTACH 12",5393871,50,323232,85.0528,"Klebsiella pneumoniae","ST258"
"198","PCMP_H336","SRR10116644","Illumina HiSeq 2500","2014-15","Respiratory","LTACH 13",5540799,71,233162,111.013,"Klebsiella pneumoniae","ST15"
"199","PCMP_H339","SRR10116640","Illumina HiSeq 2500","2014-15","Respiratory","LTACH 9",5678502,75,234019,89.2128,"Klebsiella pneumoniae","ST258"
"200","PCMP_H340","SRR10116639","Illumina HiSeq 2500","2014-15","Respiratory","LTACH 7",5737842,65,270467,144.799,"Klebsiella pneumoniae","ST258"
"201","PCMP_H341","SRR10116638","Illumina HiSeq 2500","2014-15","Respiratory","LTACH 13",5540848,68,227809,126.793,"Klebsiella pneumoniae","ST15"
"202","PCMP_H29","SRR10116709","Illumina HiSeq 2500","2014-15","Urine","LTACH 3",5751283,86,189645,52.6306,"Klebsiella pneumoniae","ST15"
"203","PCMP_H342","SRR10116637","Illumina HiSeq 2500","2014-15","Blood","LTACH 1",5296519,47,260246,83.6236,"Klebsiella pneumoniae","ST258"
"204","PCMP_H343","SRR10116636","Illumina HiSeq 2500","2014-15","Respiratory","LTACH 13",5826417,80,220453,209.034,"Klebsiella pneumoniae","ST258"
"205","PCMP_H345","SRR10116634","Illumina HiSeq 2500","2014-15","Respiratory","LTACH 12",5391975,52,323232,161.241,"Klebsiella pneumoniae","ST258"
"206","PCMP_H346","SRR10116633","Illumina HiSeq 2500","2014-15","Respiratory","LTACH 13",5629168,80,270467,337.199,"Klebsiella pneumoniae","ST258"
"207","PCMP_H347","SRR10116632","Illumina HiSeq 2500","2014-15","Respiratory","LTACH 5",5600620,99,231115,128.793,"Klebsiella pneumoniae","ST258"
"208","PCMP_H348","SRR10116630","Illumina HiSeq 2500","2014-15","Urine","LTACH 4",5653834,68,270452,173.392,"Klebsiella pneumoniae","ST258"
"209","PCMP_H350","SRR10116628","Illumina HiSeq 2500","2014-15","Respiratory","LTACH 1",5447041,80,270452,128.092,"Klebsiella pneumoniae","ST258"
"210","PCMP_H352","SRR10116626","Illumina HiSeq 2500","2014-15","Respiratory","LTACH 4",5545614,65,354333,136.667,"Klebsiella pneumoniae","ST17"
"211","PCMP_H353","SRR10116625","Illumina HiSeq 2500","2014-15","Urine","LTACH 1",5408981,48,220809,222.009,"Klebsiella pneumoniae","ST258"
"212","PCMP_H3","SRR10116431","Illumina HiSeq 2500","2014-15","Urine","LTACH 3",5824810,155,270194,170.468,"Klebsiella pneumoniae","ST258"
"213","PCMP_H30","SRR10116698","Illumina HiSeq 2500","2014-15","Urine","LTACH 3",5463030,64,275429,118.149,"Klebsiella pneumoniae","ST258"
"214","PCMP_H355","SRR10116623","Illumina HiSeq 2500","2014-15","Urine","LTACH 7",5947055,102,209774,164.463,"Klebsiella pneumoniae","ST258"
"215","PCMP_H468","SRR10116788","Illumina HiSeq 2500","2014-15","Respiratory","LTACH 7",5879710,80,270193,134.703,"Klebsiella pneumoniae","ST258"
"216","PCMP_H356","SRR10116622","Illumina HiSeq 2500","2014-15","Respiratory","LTACH 5",5752734,82,231084,181.695,"Klebsiella pneumoniae","ST258"
"217","PCMP_H436","SRR10116821","Illumina HiSeq 2500","2014-15","Respiratory","LTACH 5",5751320,85,225025,169.106,"Klebsiella pneumoniae","ST258"
"218","PCMP_H357","SRR10116621","Illumina HiSeq 2500","2014-15","Urine","LTACH 7",5692279,65,221608,140.13,"Klebsiella pneumoniae","ST258"
"219","PCMP_H358","SRR10116619","Illumina HiSeq 2500","2014-15","Respiratory","LTACH 1",5750231,77,198667,302.914,"Klebsiella pneumoniae","ST15"
"220","PCMP_H455","SRR10116802","Illumina HiSeq 2500","2014-15","Respiratory","LTACH 1",5719175,72,224716,153.993,"Klebsiella pneumoniae","ST258"
"221","PCMP_H359","SRR10116618","Illumina HiSeq 2500","2014-15","Urine","LTACH 3",5589942,66,318232,133.36,"Klebsiella pneumoniae","ST258"
"222","PCMP_H444","SRR10116812","Illumina HiSeq 2500","2014-15","Urine","LTACH 3",5588902,68,271294,144.185,"Klebsiella pneumoniae","ST258"
"223","PCMP_H360","SRR10116617","Illumina HiSeq 2500","2014-15","Urine","LTACH 12",5531598,70,270412,159.215,"Klebsiella pneumoniae","ST258"
"224","PCMP_H361","SRR10116616","Illumina HiSeq 2500","2014-15","Wound","LTACH 12",5553618,64,280584,133.307,"Klebsiella pneumoniae","ST258"
"225","PCMP_H362","SRR10116615","Illumina HiSeq 2500","2014-15","Blood","LTACH 3",5726562,68,237744,87.5952,"Klebsiella pneumoniae","ST258"
"226","PCMP_H31","SRR10116687","Illumina HiSeq 2500","2014-15","Respiratory","LTACH 1",5701108,76,237852,131.994,"Klebsiella pneumoniae","ST258"
"227","PCMP_H371","SRR10116606","Illumina HiSeq 2500","2014-15","Respiratory","LTACH 12",5972136,102,220206,169.285,"Klebsiella pneumoniae","ST258"
"228","PCMP_H372","SRR10116605","Illumina HiSeq 2500","2014-15","Blood","LTACH 1",5413434,63,270452,101.99,"Klebsiella pneumoniae","ST258"
"229","PCMP_H373","SRR10116604","Illumina HiSeq 2500","2014-15","Respiratory","LTACH 3",5828268,127,159865,165.249,"Klebsiella pneumoniae","ST258"
"230","PCMP_H374","SRR10116603","Illumina HiSeq 2500","2014-15","Respiratory","LTACH 3",5815600,100,204995,179.109,"Klebsiella pneumoniae","ST258"
"231","PCMP_H32","SRR10116676","Illumina HiSeq 2500","2014-15","Blood","LTACH 12",5415010,63,237758,216.033,"Klebsiella pneumoniae","ST258"
"232","PCMP_H285","SRR10116700","Illumina HiSeq 2500","2014-15","Respiratory","LTACH 3",5414714,60,328522,164.288,"Klebsiella pneumoniae","ST258"
"233","PCMP_H375","SRR10116602","Illumina HiSeq 2500","2014-15","Respiratory","LTACH 4",5687047,76,225021,65.9753,"Klebsiella pneumoniae","ST258"
"234","PCMP_H425","SRR10116546","Illumina HiSeq 2500","2014-15","Respiratory","LTACH 4",5684487,71,270452,101.907,"Klebsiella pneumoniae","ST258"
"235","PCMP_H376","SRR10116601","Illumina HiSeq 2500","2014-15","Blood","LTACH 4",5531233,94,157686,80.7527,"Klebsiella pneumoniae","ST258"
"236","PCMP_H377","SRR10116600","Illumina HiSeq 2500","2014-15","Respiratory","LTACH 1",5414156,63,237759,58.8574,"Klebsiella pneumoniae","ST258"
"237","PCMP_H378","SRR10116599","Illumina HiSeq 2500","2014-15","Blood","LTACH 4",5792605,122,269763,129.512,"Klebsiella pneumoniae","ST258"
"238","PCMP_H379","SRR10116597","Illumina HiSeq 2500","2014-15","Respiratory","LTACH 10",5689758,80,234015,96.0735,"Klebsiella pneumoniae","ST258"
"239","PCMP_H380","SRR10116596","Illumina HiSeq 2500","2014-15","Respiratory","LTACH 3",5668112,98,130678,78.1273,"Klebsiella pneumoniae","ST258"
"240","PCMP_H445","SRR10116811","Illumina HiSeq 2500","2014-15","Respiratory","LTACH 3",5665535,77,203931,132.036,"Klebsiella pneumoniae","ST258"
"241","PCMP_H382","SRR10116594","Illumina HiSeq 2500","2014-15","Urine","LTACH 4",5703504,99,171852,78.2275,"Klebsiella pneumoniae","ST258"
"242","PCMP_H383","SRR10116593","Illumina HiSeq 2500","2014-15","Respiratory","LTACH 3",5508870,70,269764,49.4636,"Klebsiella pneumoniae","ST258"
"243","PCMP_H384","SRR10116592","Illumina HiSeq 2500","2014-15","Urine","LTACH 4",5502973,76,220452,94.9652,"Klebsiella pneumoniae","ST258"
"244","PCMP_H386","SRR10116590","Illumina HiSeq 2500","2014-15","Respiratory","LTACH 13",5393210,59,271294,94.8826,"Klebsiella pneumoniae","ST258"
"245","PCMP_H33","SRR10116664","Illumina HiSeq 2500","2014-15","Respiratory","LTACH 4",5693020,77,237852,208.175,"Klebsiella pneumoniae","ST258"
"246","PCMP_H388","SRR10116588","Illumina HiSeq 2500","2014-15","Respiratory","LTACH 5",5508056,79,155885,72.6911,"Klebsiella pneumoniae","ST258"
"247","PCMP_H391","SRR10116584","Illumina HiSeq 2500","2014-15","Respiratory","LTACH 13",5480514,54,233194,218.794,"Klebsiella pneumoniae","ST258"
"248","PCMP_H392","SRR10116583","Illumina HiSeq 2500","2014-15","Respiratory","LTACH 4",5532190,68,237760,117.748,"Klebsiella pneumoniae","ST258"
"249","PCMP_H393","SRR10116582","Illumina HiSeq 2500","2014-15","Respiratory","LTACH 5",5980756,91,221619,118.577,"Klebsiella pneumoniae","ST258"
"250","PCMP_H394","SRR10116581","Illumina HiSeq 2500","2014-15","Respiratory","LTACH 5",5560351,62,269763,99.8072,"Klebsiella pneumoniae","ST258"
"251","PCMP_H395","SRR10116580","Illumina HiSeq 2500","2014-15","Respiratory","LTACH 1",5688583,78,167991,47.0933,"Klebsiella pneumoniae","ST258"
"252","PCMP_H398","SRR10116577","Illumina HiSeq 2500","2014-15","Urine","LTACH 11",5616203,66,237757,84.2401,"Klebsiella pneumoniae","ST258"
"253","PCMP_H399","SRR10116575","Illumina HiSeq 2500","2014-15","Respiratory","LTACH 8",5508638,65,225025,209.719,"Klebsiella pneumoniae","ST258"
"254","PCMP_H423","SRR10116548","Illumina HiSeq 2500","2014-15","Respiratory","LTACH 2",5648682,64,262751,230.125,"Klebsiella pneumoniae","ST258"
"255","PCMP_H400","SRR10116574","Illumina HiSeq 2500","2014-15","Respiratory","LTACH 2",5646603,71,262758,73.8,"Klebsiella pneumoniae","ST258"
"256","PCMP_H401","SRR10116573","Illumina HiSeq 2500","2014-15","Respiratory","LTACH 11",5392081,55,323239,57.3362,"Klebsiella pneumoniae","ST258"
"257","PCMP_H34","SRR10116653","Illumina HiSeq 2500","2014-15","Urine","LTACH 5",5632923,73,225024,251.486,"Klebsiella pneumoniae","ST258"
"258","PCMP_H405","SRR10116569","Illumina HiSeq 2500","2014-15","Urine","LTACH 7",5560950,79,225290,115.6,"Klebsiella pneumoniae","ST258"
"259","PCMP_H408","SRR10116566","Illumina HiSeq 2500","2014-15","Respiratory","LTACH 11",5394164,54,323239,58.5508,"Klebsiella pneumoniae","ST258"
"260","PCMP_H410","SRR10116563","Illumina HiSeq 2500","2014-15","Urine","LTACH 4",5678334,71,216140,65.6383,"Klebsiella pneumoniae","ST258"
"261","PCMP_H413","SRR10116560","Illumina HiSeq 2500","2014-15","Urine","LTACH 3",5451960,54,270819,100.498,"Klebsiella pneumoniae","ST258"
"262","PCMP_H414","SRR10116559","Illumina HiSeq 2500","2014-15","Urine","LTACH 9",5546253,91,182180,80.4109,"Klebsiella pneumoniae","ST258"
"263","PCMP_H415","SRR10116558","Illumina HiSeq 2500","2014-15","Respiratory","LTACH 3",5316745,56,270452,224.38,"Klebsiella pneumoniae","ST258"
"264","PCMP_H416","SRR10116557","Illumina HiSeq 2500","2014-15","Respiratory","LTACH 13",5251824,49,270452,119.454,"Klebsiella pneumoniae","ST258"
"265","PCMP_H417","SRR10116556","Illumina HiSeq 2500","2014-15","Respiratory","LTACH 3",5667103,74,237852,133.766,"Klebsiella pneumoniae","ST258"
"266","PCMP_H420","SRR10116551","Illumina HiSeq 2500","2014-15","Urine","LTACH 9",5668479,68,269763,113.467,"Klebsiella pneumoniae","ST258"
"267","PCMP_H35","SRR10116642","Illumina HiSeq 2500","2014-15","Respiratory","LTACH 5",5970600,89,225270,180.733,"Klebsiella pneumoniae","ST258"
"268","PCMP_H421","SRR10116550","Illumina HiSeq 2500","2014-15","Respiratory","LTACH 7",5878278,78,270467,139.914,"Klebsiella pneumoniae","ST258"
"269","PCMP_H429","SRR10116827","Illumina HiSeq 2500","2014-15","Urine","LTACH 13",5547571,70,270819,160.51,"Klebsiella pneumoniae","ST258"
"270","PCMP_H450","SRR10116805","Illumina HiSeq 2500","2014-15","Urine","LTACH 13",5880190,273,52416,196.63,"Klebsiella pneumoniae","ST258"
"271","PCMP_H424","SRR10116547","Illumina HiSeq 2500","2014-15","Respiratory","LTACH 11",5579539,66,224658,110.95,"Klebsiella pneumoniae","ST258"
"272","PCMP_H428","SRR10116829","Illumina HiSeq 2500","2014-15","Urine","LTACH 13",5413350,61,270452,117.038,"Klebsiella pneumoniae","ST258"
"273","PCMP_H427","SRR10116544","Illumina HiSeq 2500","2014-15","Respiratory","LTACH 2",5695577,76,237758,142.981,"Klebsiella pneumoniae","ST258"
"274","PCMP_H430","SRR10116826","Illumina HiSeq 2500","2014-15","Blood","LTACH 1",5366254,51,260246,143.354,"Klebsiella pneumoniae","ST258"
"275","PCMP_H422","SRR10116549","Illumina HiSeq 2500","2014-15","Respiratory","LTACH 7",5744308,84,225024,207.737,"Klebsiella pneumoniae","ST258"
"276","PCMP_H434","SRR10116822","Illumina HiSeq 2500","2014-15","Respiratory","LTACH 5",5695193,73,269763,128.714,"Klebsiella pneumoniae","ST258"
"277","PCMP_H459","SRR10116798","Illumina HiSeq 2500","2014-15","Respiratory","LTACH 4",5464880,68,237758,190.665,"Klebsiella pneumoniae","ST258"
"278","PCMP_H36","SRR10116631","Illumina HiSeq 2500","2014-15","Respiratory","LTACH 9",5542291,73,269763,195.052,"Klebsiella pneumoniae","ST258"
"279","PCMP_H109","SRR10116716","Illumina HiSeq 2500","2014-15","Respiratory","LTACH 9",5543278,63,269763,109.152,"Klebsiella pneumoniae","ST258"
"280","PCMP_H454","SRR10116803","Illumina HiSeq 2500","2014-15","Blood","LTACH 9",5680319,72,269763,220.1,"Klebsiella pneumoniae","ST258"
"281","PCMP_H426","SRR10116545","Illumina HiSeq 2500","2014-15","Respiratory","LTACH 11",5393581,52,270819,158.656,"Klebsiella pneumoniae","ST258"
"282","PCMP_H464","SRR10116792","Illumina HiSeq 2500","2014-15","Respiratory","LTACH 1",5415881,53,328952,95.4036,"Klebsiella pneumoniae","ST258"
"283","PCMP_H481","SRR10116776","Illumina HiSeq 2500","2014-15","Urine","LTACH 3",5656099,77,237852,48.8218,"Klebsiella pneumoniae","ST258"
"284","PCMP_H432","SRR10116824","Illumina HiSeq 2500","2014-15","Blood","LTACH 4",5691315,68,269763,207.324,"Klebsiella pneumoniae","ST258"
"285","PCMP_H477","SRR10116780","Illumina HiSeq 2500","2014-15","Urine","LTACH 5",5533750,69,238326,120.827,"Klebsiella pneumoniae","ST258"
"286","PCMP_H482","SRR10116775","Illumina HiSeq 2500","2014-15","Blood","LTACH 4",5688644,84,237852,45.7337,"Klebsiella pneumoniae","ST258"
"287","PCMP_H479","SRR10116778","Illumina HiSeq 2500","2014-15","Respiratory","LTACH 10",5538343,64,270452,69.7999,"Klebsiella pneumoniae","ST258"
"288","PCMP_H480","SRR10116777","Illumina HiSeq 2500","2014-15","Blood","LTACH 10",5780354,73,264240,172.374,"Klebsiella pneumoniae","ST258"
"289","PCMP_H466","SRR10116790","Illumina HiSeq 2500","2014-15","Urine","LTACH 13",5743753,89,237852,112.11,"Klebsiella pneumoniae","ST258"
"290","PCMP_H37","SRR10116620","Illumina HiSeq 2500","2014-15","Urine","LTACH 8",5246776,47,270800,141.06,"Klebsiella pneumoniae","ST258"
"291","PCMP_H97","SRR10116729","Illumina HiSeq 2500","2014-15","Urine","LTACH 8",5246361,46,271294,112.234,"Klebsiella pneumoniae","ST258"
"292","PCMP_H465","SRR10116791","Illumina HiSeq 2500","2014-15","Blood","LTACH 8",5680442,71,269763,60.3952,"Klebsiella pneumoniae","ST258"
"293","PCMP_H439","SRR10116818","Illumina HiSeq 2500","2014-15","Respiratory","LTACH 5",5894681,99,225365,193.597,"Klebsiella pneumoniae","ST258"
"294","PCMP_H442","SRR10116814","Illumina HiSeq 2500","2014-15","Urine","LTACH 1",5403268,50,270452,117.952,"Klebsiella pneumoniae","ST258"
"295","PCMP_H447","SRR10116809","Illumina HiSeq 2500","2014-15","Urine","LTACH 4",5465657,67,270452,210.372,"Klebsiella pneumoniae","ST258"
"296","PCMP_H438","SRR10116819","Illumina HiSeq 2500","2014-15","Blood","LTACH 12",5864986,87,219121,159.314,"Klebsiella pneumoniae","ST258"
"297","PCMP_H448","SRR10116808","Illumina HiSeq 2500","2014-15","Respiratory","LTACH 7",5506878,65,216764,219.313,"Klebsiella pneumoniae","ST258"
"298","PCMP_H443","SRR10116813","Illumina HiSeq 2500","2014-15","Urine","LTACH 5",5694036,70,212491,181.48,"Klebsiella pneumoniae","ST258"
"299","PCMP_H467","SRR10116789","Illumina HiSeq 2500","2014-15","Respiratory","LTACH 3",5547671,74,270819,116.322,"Klebsiella pneumoniae","ST258"
"300","PCMP_H38","SRR10116609","Illumina HiSeq 2500","2014-15","Urine","LTACH 7",5647005,65,270452,260.735,"Klebsiella pneumoniae","ST258"
"301","PCMP_H175","SRR10116471","Illumina HiSeq 2500","2014-15","Respiratory","LTACH 7",5626010,63,269763,189.853,"Klebsiella pneumoniae","ST258"
"302","PCMP_H457","SRR10116800","Illumina HiSeq 2500","2014-15","Respiratory","LTACH 11",5845175,84,220241,267.175,"Klebsiella pneumoniae","ST258"
"303","PCMP_H458","SRR10116799","Illumina HiSeq 2500","2014-15","Respiratory","LTACH 10",5938029,98,209355,144.433,"Klebsiella pneumoniae","ST258"
"304","PCMP_H440","SRR10116816","Illumina HiSeq 2500","2014-15","Respiratory","LTACH 3",5424490,63,262757,135.456,"Klebsiella pneumoniae","ST258"
"305","PCMP_H461","SRR10116796","Illumina HiSeq 2500","2014-15","Urine","LTACH 10",5694143,77,237759,137.442,"Klebsiella pneumoniae","ST258"
"306","PCMP_H460","SRR10116797","Illumina HiSeq 2500","2014-15","Urine","LTACH 2",5659814,76,237759,89.4793,"Klebsiella pneumoniae","ST258"
"307","PCMP_H463","SRR10116793","Illumina HiSeq 2500","2014-15","Urine","LTACH 1",5673587,66,207052,123.904,"Klebsiella pneumoniae","ST15"
"308","PCMP_H462","SRR10116794","Illumina HiSeq 2500","2014-15","Respiratory","LTACH 13",5392719,53,323239,156.798,"Klebsiella pneumoniae","ST258"
"309","PCMP_H456","SRR10116801","Illumina HiSeq 2500","2014-15","Respiratory","LTACH 5",5538430,65,232140,356.236,"Klebsiella pneumoniae","ST258"
"310","PCMP_H453","SRR10116804","Illumina HiSeq 2500","2014-15","Respiratory","LTACH 3",5695891,88,224350,178.833,"Klebsiella pneumoniae","ST258"
"311","PCMP_H39","SRR10116598","Illumina HiSeq 2500","2014-15","Respiratory","LTACH 4",5692693,80,234019,172.629,"Klebsiella pneumoniae","ST258"
"312","PCMP_H124","SRR10116525","Illumina HiSeq 2500","2014-15","Respiratory","LTACH 4",5693852,78,234019,190.895,"Klebsiella pneumoniae","ST258"
"313","PCMP_H431","SRR10116825","Illumina HiSeq 2500","2014-15","Urine","LTACH 11",5604846,65,219996,160.709,"Klebsiella pneumoniae","ST258"
"314","PCMP_H471","SRR10116785","Illumina HiSeq 2500","2014-15","Urine","LTACH 9",5598023,92,156285,31.5256,"Klebsiella pneumoniae","ST258"
"315","PCMP_H474","SRR10116782","Illumina HiSeq 2500","2014-15","Respiratory","LTACH 5",5972002,97,270193,64.8591,"Klebsiella pneumoniae","ST258"
"316","PCMP_H475","SRR10116781","Illumina HiSeq 2500","2014-15","Blood","LTACH 5",5686919,73,211283,56.6261,"Klebsiella pneumoniae","ST258"
"317","PCMP_H469","SRR10116787","Illumina HiSeq 2500","2014-15","Respiratory","LTACH 10",5413616,63,237759,175.119,"Klebsiella pneumoniae","ST258"
"318","PCMP_H470","SRR10116786","Illumina HiSeq 2500","2014-15","Respiratory","LTACH 4",5534229,72,220206,65.7489,"Klebsiella pneumoniae","ST258"
"319","PCMP_H4","SRR10116665","Illumina HiSeq 2500","2014-15","Respiratory","LTACH 4",6064106,193,197191,121.773,"Klebsiella pneumoniae","ST258"
"320","PCMP_H40","SRR10116587","Illumina HiSeq 2500","2014-15","Respiratory","LTACH 2",5727476,72,240541,154.297,"Klebsiella pneumoniae","ST258"
"321","PCMP_H41","SRR10116576","Illumina HiSeq 2500","2014-15","Respiratory","LTACH 7",5922035,85,270467,205.415,"Klebsiella pneumoniae","ST258"
"322","PCMP_H42","SRR10116565","Illumina HiSeq 2500","2014-15","Urine","LTACH 5",5926577,88,270467,224.569,"Klebsiella pneumoniae","ST258"
"323","PCMP_H43","SRR10116553","Illumina HiSeq 2500","2014-15","Urine","LTACH 3",5499274,65,270193,167.495,"Klebsiella pneumoniae","ST258"
"324","PCMP_H44","SRR10116828","Illumina HiSeq 2500","2014-15","Respiratory","LTACH 1",5660280,73,219120,129.264,"Klebsiella pneumoniae","ST258"
"325","PCMP_H145","SRR10116504","Illumina HiSeq 2500","2014-15","Respiratory","LTACH 1",5662056,71,270467,113.148,"Klebsiella pneumoniae","ST258"
"326","PCMP_H45","SRR10116817","Illumina HiSeq 2500","2014-15","Blood","LTACH 3",5749169,69,206953,99.4709,"Klebsiella pneumoniae","ST15"
"327","PCMP_H46","SRR10116806","Illumina HiSeq 2500","2014-15","Urine","LTACH 3",5708292,92,203931,143.941,"Klebsiella pneumoniae","ST258"
"328","PCMP_H48","SRR10116795","Illumina HiSeq 2500","2014-15","Respiratory","LTACH 4",5666263,87,194956,109.646,"Klebsiella pneumoniae","ST258"
"329","PCMP_H278","SRR10116706","Illumina HiSeq 2500","2014-15","Respiratory","LTACH 4",5696916,77,212988,108.158,"Klebsiella pneumoniae","ST258"
"330","PCMP_H5","SRR10116554","Illumina HiSeq 2500","2014-15","Respiratory","LTACH 1",5470166,126,237760,76.7346,"Klebsiella pneumoniae","ST258"
"331","PCMP_H223","SRR10116420","Illumina HiSeq 2500","2014-15","Respiratory","LTACH 10",5345370,52,260242,152.569,"Klebsiella pneumoniae","ST258"
"332","PCMP_H65","SRR10116762","Illumina HiSeq 2500","2014-15","Respiratory","LTACH 12",5701009,79,237759,195.115,"Klebsiella pneumoniae","ST258"
"333","PCMP_H66","SRR10116761","Illumina HiSeq 2500","2014-15","Urine","LTACH 4",5649654,84,203931,135.265,"Klebsiella pneumoniae","ST258"
"334","PCMP_H68","SRR10116760","Illumina HiSeq 2500","2014-15","Respiratory","LTACH 12",5798315,80,225700,204.321,"Klebsiella pneumoniae","ST258"
"335","PCMP_H69","SRR10116758","Illumina HiSeq 2500","2014-15","Urine","LTACH 2",5393809,54,270412,222.047,"Klebsiella pneumoniae","ST258"
"336","PCMP_H70","SRR10116757","Illumina HiSeq 2500","2014-15","Respiratory","LTACH 4",5662977,77,237852,199.819,"Klebsiella pneumoniae","ST258"
"337","PCMP_H72","SRR10116755","Illumina HiSeq 2500","2014-15","Respiratory","LTACH 4",5695277,77,234019,121.702,"Klebsiella pneumoniae","ST258"
"338","PCMP_H100","SRR10116725","Illumina HiSeq 2500","2014-15","Urine","LTACH 4",5483159,66,270452,210.827,"Klebsiella pneumoniae","ST258"
"339","PCMP_H7","SRR10116770","Illumina HiSeq 2500","2014-15","Wound","LTACH 5",5690296,64,225025,134.862,"Klebsiella pneumoniae","ST258"
"340","PCMP_H74","SRR10116753","Illumina HiSeq 2500","2014-15","Respiratory","LTACH 1",5406588,58,328522,164.053,"Klebsiella pneumoniae","ST258"
"341","PCMP_H75","SRR10116752","Illumina HiSeq 2500","2014-15","Urine","LTACH 1",5686278,78,234015,125.529,"Klebsiella pneumoniae","ST258"
"342","PCMP_H76","SRR10116751","Illumina HiSeq 2500","2014-15","Urine","LTACH 12",5405216,61,270194,335.597,"Klebsiella pneumoniae","ST258"
"343","PCMP_H77","SRR10116750","Illumina HiSeq 2500","2014-15","Respiratory","LTACH 11",5688786,88,191344,168.24,"Klebsiella pneumoniae","ST258"
"344","PCMP_H337","SRR10116643","Illumina HiSeq 2500","2014-15","Respiratory","LTACH 11",5681219,86,197839,139.695,"Klebsiella pneumoniae","ST258"
"345","PCMP_H78","SRR10116749","Illumina HiSeq 2500","2014-15","Urine","LTACH 12",5415442,61,270819,304.678,"Klebsiella pneumoniae","ST258"
"346","PCMP_H79","SRR10116747","Illumina HiSeq 2500","2014-15","Urine","LTACH 1",5675936,75,237852,186.296,"Klebsiella pneumoniae","ST258"
"347","PCMP_H81","SRR10116746","Illumina HiSeq 2500","2014-15","Respiratory","LTACH 1",5684387,79,208944,187.482,"Klebsiella pneumoniae","ST258"
"348","PCMP_H82","SRR10116745","Illumina HiSeq 2500","2014-15","Respiratory","LTACH 4",5534019,72,231374,220.481,"Klebsiella pneumoniae","ST258"
"349","PCMP_H83","SRR10116744","Illumina HiSeq 2500","2014-15","Respiratory","LTACH 7",5955463,117,139924,95.7449,"Klebsiella pneumoniae","ST258"
"350","PCMP_H84","SRR10116743","Illumina HiSeq 2500","2014-15","Urine","LTACH 1",5318720,56,283055,123.644,"Klebsiella pneumoniae","ST258"
"351","PCMP_H8","SRR10116759","Illumina HiSeq 2500","2014-15","Urine","LTACH 13",5390549,49,323232,523.831,"Klebsiella pneumoniae","ST258"
"352","PCMP_H107","SRR10116718","Illumina HiSeq 2500","2014-15","Urine","LTACH 13",5840098,52,341492,80.5221,"Klebsiella pneumoniae","ST258"
"353","PCMP_H85","SRR10116742","Illumina HiSeq 2500","2014-15","Urine","LTACH 5",5612260,72,237759,120.503,"Klebsiella pneumoniae","ST258"
"354","PCMP_H86","SRR10116741","Illumina HiSeq 2500","2014-15","Respiratory","LTACH 5",5956095,104,213660,110.956,"Klebsiella pneumoniae","ST258"
"355","PCMP_H87","SRR10116740","Illumina HiSeq 2500","2014-15","Respiratory","LTACH 12",5413378,60,328522,163.252,"Klebsiella pneumoniae","ST258"
"356","PCMP_H88","SRR10116739","Illumina HiSeq 2500","2014-15","Blood","LTACH 12",5414803,63,233191,226.105,"Klebsiella pneumoniae","ST258"
"357","PCMP_H89","SRR10116738","Illumina HiSeq 2500","2014-15","Respiratory","LTACH 10",5805128,84,234250,72.6148,"Klebsiella pneumoniae","ST258"
"358","PCMP_H90","SRR10116736","Illumina HiSeq 2500","2014-15","Respiratory","LTACH 4",5716911,86,270194,81.2052,"Klebsiella pneumoniae","ST258"
"359","PCMP_H94","SRR10116732","Illumina HiSeq 2500","2014-15","Respiratory","LTACH 9",5699251,77,237852,118.979,"Klebsiella pneumoniae","ST258"
"360","PCMP_H95","SRR10116731","Illumina HiSeq 2500","2014-15","Respiratory","LTACH 11",5373016,53,237760,81.9697,"Klebsiella pneumoniae","ST258"
"361","PCMP_H96","SRR10116730","Illumina HiSeq 2500","2014-15","Respiratory","LTACH 13",5395633,53,270452,103.962,"Klebsiella pneumoniae","ST258"
"362","PCMP_H9","SRR10116748","Illumina HiSeq 2500","2014-15","Respiratory","LTACH 2",5698038,71,262750,481.486,"Klebsiella pneumoniae","ST258"
"363","PCMP_H98","SRR10116728","Illumina HiSeq 2500","2014-15","Urine","LTACH 9",5481606,60,270452,141.327,"Klebsiella pneumoniae","ST258"
"364","PCMP_H99","SRR10116727","Illumina HiSeq 2500","2014-15","Respiratory","LTACH 5",5935647,94,270193,106.287,"Klebsiella pneumoniae","ST258"
"365","PCMP_H101","SRR10116724","Illumina HiSeq 2500","2014-15","Urine","LTACH 12",5688156,88,234019,123.298,"Klebsiella pneumoniae","ST258"
"366","PCMP_H103","SRR10116722","Illumina HiSeq 2500","2014-15","Respiratory","LTACH 11",5618343,81,209394,119.634,"Klebsiella pneumoniae","ST258"
"367","PCMP_H104","SRR10116721","Illumina HiSeq 2500","2014-15","Respiratory","LTACH 1",5406960,50,270412,233.746,"Klebsiella pneumoniae","ST258"
"368","PCMP_H269","SRR10116371","Illumina HiSeq 2500","2014-15","Urine","LTACH 1",5357297,59,218100,56.6801,"Klebsiella pneumoniae","ST258"
"369","PCMP_H105","SRR10116720","Illumina HiSeq 2500","2014-15","Respiratory","LTACH 13",5870942,88,210971,144.549,"Klebsiella pneumoniae","ST258"
"370","PCMP_H309","SRR10116673","Illumina HiSeq 2500","2014-15","Respiratory","LTACH 13",5862834,87,219969,85.9358,"Klebsiella pneumoniae","ST258"
"371","PCMP_H106","SRR10116719","Illumina HiSeq 2500","2014-15","Urine","LTACH 1",5541436,66,270452,84.7554,"Klebsiella pneumoniae","ST258"
"372","PCMP_H108","SRR10116717","Illumina HiSeq 2500","2014-15","Urine","LTACH 3",5866133,85,225019,189.324,"Klebsiella pneumoniae","ST258"
"373","PCMP_H110","SRR10116540","Illumina HiSeq 2500","2014-15","Respiratory","LTACH 11",5851452,90,210968,156.295,"Klebsiella pneumoniae","ST258"
"374","PCMP_H111","SRR10116539","Illumina HiSeq 2500","2014-15","Wound","LTACH 12",5415138,58,328952,134.46,"Klebsiella pneumoniae","ST258"
"375","INT_CRE_1447","SRR37385370","Illumina NovaSeq X","2021-23","Respiratory","LTACH 13",5899289,118,124812,489.406,"Klebsiella pneumoniae","ST258"
"376","INT_CRE_1030","SRR37385679","Illumina NovaSeq X","2021-23","Urine","LTACH 1",5778945,68,179442,431.428,"Klebsiella pneumoniae","ST307"
"377","INT_CRE_854","SRR37387204","Illumina NovaSeq X","2021-23","Urine","LTACH 1",5777157,74,199915,499.543,"Klebsiella pneumoniae","ST14"
"378","INT_CRE_408","SRR37387454","Illumina NovaSeq X","2021-23","Respiratory","LTACH 1",5343882,53,207433,362.817,"Klebsiella pneumoniae","ST17"
"379","INT_CRE_966","SRR37387498","Illumina NovaSeq X","2021-23","Respiratory","LTACH 9",5510941,57,198446,452.107,"Klebsiella pneumoniae","ST219"
"380","INT_CRE_806","SRR37387543","Illumina NovaSeq X","2021-23","Urine","LTACH 6",5464488,83,152327,480.699,"Klebsiella pneumoniae","ST258"
"381","INT_CRE_41","SRR37387452","Illumina NovaSeq X","2021-23","Urine","LTACH 6",5545719,92,149989,372.122,"Klebsiella pneumoniae","ST258"
"382","INT_CRE_912","SRR37387762","Illumina NovaSeq X","2021-23","Urine","LTACH 6",5503261,85,142930,366.841,"Klebsiella pneumoniae","ST258"
"383","INT_CRE_761","SRR37387348","Illumina NovaSeq X","2021-23","Other","LTACH 6",5499885,82,154480,491.869,"Klebsiella pneumoniae","ST258"
"384","INT_CRE_8","SRR37387552","Illumina NovaSeq X","2021-23","Respiratory","LTACH 11",5241309,64,203714,477.581,"Klebsiella pneumoniae","ST258"
"385","INT_CRE_439","SRR37387321","Illumina NovaSeq X","2021-23","Respiratory","LTACH 1",5552377,77,185395,414.582,"Klebsiella pneumoniae","ST258"
"386","INT_CRE_148","SRR37385599","Illumina NovaSeq X","2021-23","Urine","LTACH 6",5778867,105,135061,416.545,"Klebsiella pneumoniae","ST258"
"387","INT_CRE_492","SRR37387426","Illumina NovaSeq X","2021-23","Respiratory","LTACH 6",5805151,106,135061,392.507,"Klebsiella pneumoniae","ST258"
"388","INT_CRE_514","SRR37387303","Illumina NovaSeq X","2021-23","Respiratory","LTACH 6",5797376,103,136249,438.432,"Klebsiella pneumoniae","ST258"
"389","INT_CRE_276","SRR37385352","Illumina NovaSeq X","2021-23","Wound","LTACH 6",5808999,103,136282,506.864,"Klebsiella pneumoniae","ST258"
"390","INT_CRE_316","SRR37385329","Illumina NovaSeq X","2021-23","Respiratory","LTACH 6",5801224,115,110977,461.828,"Klebsiella pneumoniae","ST258"
"391","INT_CRE_1455","SRR37385361","Illumina NovaSeq X","2021-23","Urine","LTACH 6",5377380,54,278795,439.999,"Klebsiella pneumoniae","ST14"
"392","INT_CRE_1118","SRR37385379","Illumina NovaSeq X","2021-23","Respiratory","LTACH 6",5614941,78,179356,339.676,"Klebsiella pneumoniae","ST258"
"393","INT_CRE_1291","SRR37385689","Illumina NovaSeq X","2021-23","Blood","LTACH 6",5615958,75,197393,414.019,"Klebsiella pneumoniae","ST258"
"394","INT_CRE_10","SRR37385499","Illumina NovaSeq X","2021-23","Other","LTACH 1",5395204,74,153529,370.83,"Klebsiella pneumoniae","ST25"
"395","INT_CRE_1066","SRR37385629","Illumina NovaSeq X","2021-23","Urine","LTACH 12",5608773,89,152151,358.314,"Klebsiella pneumoniae","ST17"
"396","INT_CRE_1083","SRR37385310","Illumina NovaSeq X","2021-23","Urine","LTACH 10",5436235,60,201270,324.501,"Klebsiella pneumoniae","ST14"
"397","INT_CRE_1582","SRR37385269","Illumina NovaSeq X","2021-23","Urine","LTACH 10",5490369,62,189856,75.1256,"Klebsiella pneumoniae","ST14"
"398","INT_CRE_498","SRR37387420","Illumina NovaSeq X","2021-23","Urine","LTACH 6",5542808,84,152195,389.6,"Klebsiella pneumoniae","ST258"
"399","INT_CRE_655","SRR37387840","Illumina NovaSeq X","2021-23","Urine","LTACH 6",5558357,96,130701,414.873,"Klebsiella pneumoniae","ST258"
"400","INT_CRE_764","SRR37387345","Illumina NovaSeq X","2021-23","Urine","LTACH 10",5421887,53,220141,556.79,"Klebsiella pneumoniae","ST14"
"401","INT_CRE_519","SRR37387297","Illumina NovaSeq X","2021-23","Wound","LTACH 6",5593099,86,144460,457.055,"Klebsiella pneumoniae","ST25"
"402","INT_CRE_619","SRR37387602","Illumina NovaSeq X","2021-23","Other","LTACH 10",5706999,109,116821,244.595,"Klebsiella pneumoniae","ST258"
"403","INT_CRE_1486","SRR37385594","Illumina NovaSeq X","2021-23","Respiratory","LTACH 1",5681477,103,132662,756.918,"Klebsiella pneumoniae","ST258"
"404","INT_CRE_845","SRR37387213","Illumina NovaSeq X","2021-23","Respiratory","LTACH 6",5495180,56,192727,416.659,"Klebsiella pneumoniae","ST14"
"405","INT_CRE_436","SRR37387324","Illumina NovaSeq X","2021-23","Urine","LTACH 5",5652950,92,139046,353.73,"Klebsiella pneumoniae","ST258"
"406","INT_CRE_747","SRR37387813","Illumina NovaSeq X","2021-23","Wound","LTACH 7",5571805,75,221683,452.116,"Klebsiella pneumoniae","ST987"
"407","INT_CRE_415","SRR37387446","Illumina NovaSeq X","2021-23","Respiratory","LTACH 4",5407264,53,201598,383.904,"Klebsiella pneumoniae","ST14"
"408","INT_CRE_863","SRR37387704","Illumina NovaSeq X","2021-23","Respiratory","LTACH 11",5534577,90,149633,375.966,"Klebsiella pneumoniae","ST258"
"409","INT_CRE_476","SRR37387463","Illumina NovaSeq X","2021-23","Respiratory","LTACH 6",5511116,87,152327,409.334,"Klebsiella pneumoniae","ST258"
"410","INT_CRE_1354","SRR37385559","Illumina NovaSeq X","2021-23","Respiratory","LTACH 6",5584470,203,201432,439.416,"Klebsiella pneumoniae","ST14"
"411","INT_CRE_1434","SRR37385833","Illumina NovaSeq X","2021-23","Respiratory","LTACH 6",5377084,53,279127,402.512,"Klebsiella pneumoniae","ST14"
"412","INT_CRE_901","SRR37387774","Illumina NovaSeq X","2021-23","Respiratory","LTACH 11",5589728,60,204248,393.817,"Klebsiella pneumoniae","ST307"
"413","INT_CRE_107","SRR37385324","Illumina NovaSeq X","2021-23","Respiratory","LTACH 2",5607356,58,191127,456.596,"Klebsiella pneumoniae","ST2665"
"414","INT_CRE_622","SRR37387598","Illumina NovaSeq X","2021-23","Respiratory","LTACH 10",5442291,53,217814,224.476,"Klebsiella pneumoniae","ST14"
"415","INT_CRE_387","SRR37387667","Illumina NovaSeq X","2021-23","Respiratory","LTACH 10",5471680,54,257564,405.338,"Klebsiella pneumoniae","ST307"
"416","INT_CRE_1439","SRR37385829","Illumina NovaSeq X","2021-23","Urine","LTACH 6",5584391,87,152292,476.744,"Klebsiella pneumoniae","ST258"
"417","INT_CRE_1034","SRR37385437","Illumina NovaSeq X","2021-23","Respiratory","LTACH 10",5467529,57,201540,507.768,"Klebsiella pneumoniae","ST14"
"418","INT_CRE_1096","SRR37385613","Illumina NovaSeq X","2021-23","Respiratory","LTACH 10",5467820,59,192727,334.528,"Klebsiella pneumoniae","ST14"
"419","INT_CRE_988","SRR37387749","Illumina NovaSeq X","2021-23","Respiratory","LTACH 12",5582559,80,129409,402.624,"Klebsiella pneumoniae","ST258"
"420","INT_CRE_618","SRR37387603","Illumina NovaSeq X","2021-23","Urine","LTACH 12",5581228,79,129409,250.561,"Klebsiella pneumoniae","ST258"
"421","INT_CRE_472","SRR37387467","Illumina NovaSeq X","2021-23","Blood","LTACH 8",5531218,48,308622,404.568,"Klebsiella pneumoniae","ST35"
"422","INT_CRE_521","SRR37387294","Illumina NovaSeq X","2021-23","Wound","LTACH 10",5542439,59,242843,420.996,"Klebsiella pneumoniae","ST348"
"423","INT_CRE_1375","SRR37385668","Illumina NovaSeq X","2021-23","Respiratory","LTACH 6",5474814,85,140350,449.517,"Klebsiella pneumoniae","ST258"
"424","INT_CRE_548","SRR37387610","Illumina NovaSeq X","2021-23","Respiratory","LTACH 4",5439528,51,201270,509.366,"Klebsiella pneumoniae","ST14"
"425","INT_CRE_273","SRR37385926","Illumina NovaSeq X","2021-23","Respiratory","LTACH 4",5460110,57,201270,690.919,"Klebsiella pneumoniae","ST14"
"426","INT_CRE_382","SRR37387672","Illumina NovaSeq X","2021-23","Respiratory","LTACH 4",5458952,54,201379,352.541,"Klebsiella pneumoniae","ST14"
"427","INT_CRE_1274","SRR37385464","Illumina NovaSeq X","2021-23","Respiratory","LTACH 1",5364879,80,172489,436.186,"Klebsiella pneumoniae","ST17"
"428","INT_CRE_1341","SRR37385433","Illumina NovaSeq X","2021-23","Respiratory","LTACH 1",5363650,81,181675,415.501,"Klebsiella pneumoniae","ST17"
"429","INT_CRE_584","SRR37387395","Illumina NovaSeq X","2021-23","Respiratory","LTACH 10",5423651,60,185524,262.196,"Klebsiella pneumoniae","ST14"
"430","INT_CRE_334","SRR37387428","Illumina NovaSeq X","2021-23","Urine","LTACH 12",5346467,58,192727,402.394,"Klebsiella pneumoniae","ST14"
"431","INT_CRE_342","SRR37387400","Illumina NovaSeq X","2021-23","Respiratory","LTACH 3",5541405,96,119396,409.651,"Klebsiella pneumoniae","ST258"
"432","INT_CRE_325","SRR37387484","Illumina NovaSeq X","2021-23","Respiratory","LTACH 13",5552906,97,133059,519.779,"Klebsiella pneumoniae","ST37"
"433","INT_CRE_837","SRR37387785","Illumina NovaSeq X","2021-23","Other","LTACH 1",5499117,58,304701,517.077,"Klebsiella pneumoniae","ST987"
"434","INT_CRE_369","SRR37387527","Illumina NovaSeq X","2021-23","Blood","LTACH 12",5551598,87,154480,428.919,"Klebsiella pneumoniae","ST258"
"435","INT_CRE_345","SRR37387270","Illumina NovaSeq X","2021-23","Wound","LTACH 6",5483084,86,140350,432.497,"Klebsiella pneumoniae","ST258"
"436","INT_CRE_737","SRR37387821","Illumina NovaSeq X","2021-23","Respiratory","LTACH 10",5445155,55,201379,470.136,"Klebsiella pneumoniae","ST14"
"437","INT_CRE_140","SRR37385416","Illumina NovaSeq X","2021-23","Respiratory","LTACH 4",5450756,61,244433,476.166,"Klebsiella pneumoniae","ST14"
"438","INT_CRE_326","SRR37387455","Illumina NovaSeq X","2021-23","Urine","LTACH 5",5291198,44,183732,414.563,"Klebsiella pneumoniae","ST307"
"439","INT_CRE_1389","SRR37385653","Illumina NovaSeq X","2021-23","Wound","LTACH 8",5354318,48,167517,460.545,"Klebsiella pneumoniae","ST6-1LV"
"440","INT_CRE_1009","SRR37385498","Illumina NovaSeq X","2021-23","Respiratory","LTACH 6",5346120,72,161154,345.772,"Klebsiella pneumoniae","ST258"
"441","INT_CRE_859","SRR37387709","Illumina NovaSeq X","2021-23","Blood","LTACH 6",5458035,73,154747,493.941,"Klebsiella pneumoniae","ST258"
"442","INT_CRE_1082","SRR37385311","Illumina NovaSeq X","2021-23","Respiratory","LTACH 9",5475275,61,192727,365.039,"Klebsiella pneumoniae","ST14"
"443","INT_CRE_5","SRR37387418","Illumina NovaSeq X","2021-23","Respiratory","LTACH 13",5688229,92,152204,413.969,"Klebsiella pneumoniae","ST258"
"444","INT_CRE_639","SRR37387583","Illumina NovaSeq X","2021-23","Wound","LTACH 6",5731988,127,130701,224.909,"Klebsiella pneumoniae","ST258"
"445","INT_CRE_670","SRR37387373","Illumina NovaSeq X","2021-23","Wound","LTACH 6",5526114,88,140350,515.776,"Klebsiella pneumoniae","ST258"
"446","INT_CRE_485","SRR37387885","Illumina NovaSeq X","2021-23","Respiratory","LTACH 3",5578274,73,185395,403.266,"Klebsiella pneumoniae","ST258"
"447","INT_CRE_497","SRR37387421","Illumina NovaSeq X","2021-23","Respiratory","LTACH 3",5573074,79,154274,386.434,"Klebsiella pneumoniae","ST258"
"448","INT_CRE_712","SRR37387571","Illumina NovaSeq X","2021-23","Respiratory","LTACH 3",5575863,85,152205,411.998,"Klebsiella pneumoniae","ST258"
"449","INT_CRE_3","SRR37385643","Illumina NovaSeq X","2021-23","Urine","LTACH 5",5357616,57,193391,499.098,"Klebsiella pneumoniae","ST17"
"450","INT_CRE_780","SRR37387231","Illumina NovaSeq X","2021-23","Blood","LTACH 10",5439289,52,234611,440.661,"Klebsiella pneumoniae","ST14"
"451","INT_CRE_157","SRR37385275","Illumina NovaSeq X","2021-23","Blood","LTACH 4",5449457,56,257679,412.485,"Klebsiella pneumoniae","ST14"
"452","INT_CRE_275","SRR37385353","Illumina NovaSeq X","2021-23","Wound","LTACH 4",5613966,56,217814,516.346,"Klebsiella pneumoniae","ST14"
"453","INT_CRE_1216","SRR37385482","Illumina NovaSeq X","2021-23","Blood","LTACH 9",5328346,47,268668,415.74,"Klebsiella pneumoniae","ST105"
"454","INT_CRE_917","SRR37387731","Illumina NovaSeq X","2021-23","Respiratory","LTACH 10",5459259,83,192763,444.224,"Klebsiella pneumoniae","ST17"
"455","INT_CRE_43","SRR37387332","Illumina NovaSeq X","2021-23","Respiratory","LTACH 6",5537495,85,140350,452.528,"Klebsiella pneumoniae","ST258"
"456","INT_CRE_117","SRR37385734","Illumina NovaSeq X","2021-23","Respiratory","LTACH 4",5456975,79,180660,558.286,"Klebsiella pneumoniae","ST17"
"457","INT_CRE_972","SRR37387491","Illumina NovaSeq X","2021-23","Blood","LTACH 3",5235355,72,169222,407.818,"Klebsiella pneumoniae","ST258"
"458","INT_CRE_646","SRR37387851","Illumina NovaSeq X","2021-23","Blood","LTACH 12",5579115,82,129409,453.955,"Klebsiella pneumoniae","ST258"
"459","INT_CRE_991","SRR37387745","Illumina NovaSeq X","2021-23","Respiratory","LTACH 2",5518918,88,152301,412.324,"Klebsiella pneumoniae","ST258"
"460","INT_CRE_112","SRR37385257","Illumina NovaSeq X","2021-23","Respiratory","LTACH 3",5772298,193,129837,494.108,"Klebsiella pneumoniae","ST258"
"461","INT_CRE_1152","SRR37385573","Illumina NovaSeq X","2021-23","Urine","LTACH 4",5649368,86,151503,287.038,"Klebsiella pneumoniae","ST258"
"462","INT_CRE_766","SRR37387342","Illumina NovaSeq X","2021-23","Wound","LTACH 6",5357871,70,152292,344.152,"Klebsiella pneumoniae","ST258"
"463","INT_CRE_881","SRR37387519","Illumina NovaSeq X","2021-23","Urine","LTACH 12",5673998,109,154480,463.912,"Klebsiella pneumoniae","ST258"
"464","INT_CRE_305","SRR37385636","Illumina NovaSeq X","2021-23","Respiratory","LTACH 5",5568636,79,178644,358.778,"Klebsiella pneumoniae","ST987"
"465","INT_CRE_464","SRR37387632","Illumina NovaSeq X","2021-23","Urine","LTACH 3",5615531,90,189689,443.323,"Klebsiella pneumoniae","ST258"
"466","INT_CRE_431","SRR37387330","Illumina NovaSeq X","2021-23","Wound","LTACH 6",5506153,56,200973,340.26,"Klebsiella pneumoniae","ST307"
"467","INT_CRE_1368","SRR37385545","Illumina NovaSeq X","2021-23","Blood","LTACH 12",5661277,72,201270,370.851,"Klebsiella pneumoniae","ST14"
"468","INT_CRE_1460","SRR37385356","Illumina NovaSeq X","2021-23","Blood","LTACH 12",5660206,68,217820,424.207,"Klebsiella pneumoniae","ST14"
"469","INT_CRE_363","SRR37387534","Illumina NovaSeq X","2021-23","Urine","LTACH 9",5758006,130,129803,477.466,"Klebsiella pneumoniae","ST258"
"470","INT_CRE_343","SRR37387389","Illumina NovaSeq X","2021-23","Respiratory","LTACH 4",5428247,65,157449,428.067,"Klebsiella pneumoniae","ST14"
"471","INT_CRE_1015","SRR37385571","Illumina NovaSeq X","2021-23","Respiratory","LTACH 3",5616937,73,174369,553.731,"Klebsiella pneumoniae","ST987"
"472","INT_CRE_911","SRR37387763","Illumina NovaSeq X","2021-23","Urine","LTACH 3",5620473,68,310221,457.171,"Klebsiella pneumoniae","ST987"
"473","INT_CRE_1162","SRR37385740","Illumina NovaSeq X","2021-23","Urine","LTACH 3",5509879,74,174369,304.266,"Klebsiella pneumoniae","ST987"
"474","INT_CRE_1322","SRR37385858","Illumina NovaSeq X","2021-23","Wound","LTACH 3",5561388,74,180787,408.204,"Klebsiella pneumoniae","ST987"
"475","INT_CRE_20","SRR37385780","Illumina NovaSeq X","2021-23","Urine","LTACH 12",5649460,90,154736,416.773,"Klebsiella pneumoniae","ST258"
"476","INT_CRE_9","SRR37387776","Illumina NovaSeq X","2021-23","Blood","LTACH 4",5730640,97,146776,391.007,"Klebsiella pneumoniae","ST258"
"477","INT_CRE_634","SRR37387587","Illumina NovaSeq X","2021-23","Blood","LTACH 1",5620467,66,179104,234.062,"Klebsiella pneumoniae","ST307"
"478","INT_CRE_480","SRR37387460","Illumina NovaSeq X","2021-23","Wound","LTACH 5",5650989,95,129839,444.125,"Klebsiella pneumoniae","ST258"
"479","INT_CRE_1495","SRR37385300","Illumina NovaSeq X","2021-23","Respiratory","LTACH 1",5689527,106,116771,947.739,"Klebsiella pneumoniae","ST258"
"480","INT_CRE_33","SRR37387315","Illumina NovaSeq X","2021-23","Urine","LTACH 1",5650969,91,143492,444.161,"Klebsiella pneumoniae","ST258"
"481","INT_CRE_915","SRR37387733","Illumina NovaSeq X","2021-23","Blood","LTACH 2",5450422,87,152707,564.007,"Klebsiella pneumoniae","ST258"
"482","INT_CRE_60","SRR37387280","Illumina NovaSeq X","2021-23","Respiratory","LTACH 13",5553362,78,186456,437.258,"Klebsiella pneumoniae","ST258"
"483","INT_CRE_1424","SRR37385843","Illumina NovaSeq X","2021-23","Respiratory","LTACH 12",5458774,78,177858,531.957,"Klebsiella pneumoniae","ST17"
"484","INT_CRE_413","SRR37387448","Illumina NovaSeq X","2021-23","Wound","LTACH 5",5613161,86,152301,397.674,"Klebsiella pneumoniae","ST258"
"485","INT_CRE_992","SRR37387744","Illumina NovaSeq X","2021-23","Wound","LTACH 6",5403117,58,184900,431.159,"Klebsiella pneumoniae","ST14"
"486","INT_CRE_849","SRR37387209","Illumina NovaSeq X","2021-23","Other","LTACH 6",5489291,49,243119,531.804,"Klebsiella pneumoniae","ST307"
"487","INT_CRE_1264","SRR37385878","Illumina NovaSeq X","2021-23","Respiratory","LTACH 6",5644300,66,218439,434.377,"Klebsiella pneumoniae","ST14"
"488","INT_CRE_1305","SRR37385674","Illumina NovaSeq X","2021-23","Respiratory","LTACH 6",5646403,68,201270,369.417,"Klebsiella pneumoniae","ST14"
"489","INT_CRE_280","SRR37385347","Illumina NovaSeq X","2021-23","Blood","LTACH 7",5644535,69,152891,377.663,"Klebsiella pneumoniae","ST268"
"490","INT_CRE_145","SRR37385368","Illumina NovaSeq X","2021-23","Respiratory","LTACH 8",5642653,99,151522,464.355,"Klebsiella pneumoniae","ST258"
"491","INT_CRE_356","SRR37387827","Illumina NovaSeq X","2021-23","Blood","LTACH 13",5656037,106,129837,382.64,"Klebsiella pneumoniae","ST258"
"492","INT_CRE_168","SRR37385818","Illumina NovaSeq X","2021-23","Respiratory","LTACH 11",5714812,132,108673,410.023,"Klebsiella pneumoniae","ST258"
"493","INT_CRE_931","SRR37387718","Illumina NovaSeq X","2021-23","Wound","LTACH 6",5421533,57,192727,355.852,"Klebsiella pneumoniae","ST14"
"494","INT_CRE_907","SRR37387767","Illumina NovaSeq X","2021-23","Respiratory","LTACH 6",5422353,59,203694,384.399,"Klebsiella pneumoniae","ST14"
"495","INT_CRE_1359","SRR37385553","Illumina NovaSeq X","2021-23","Wound","LTACH 7",5318048,46,245584,379.83,"Klebsiella pneumoniae","ST14"
"496","INT_CRE_572","SRR37387859","Illumina NovaSeq X","2021-23","Respiratory","LTACH 6",5542015,92,129286,240.91,"Klebsiella pneumoniae","ST25"
"497","INT_CRE_946","SRR37387688","Illumina NovaSeq X","2021-23","Respiratory","LTACH 9",5409353,57,214353,369.185,"Klebsiella pneumoniae","ST219"
"498","INT_CRE_116","SRR37385743","Illumina NovaSeq X","2021-23","Respiratory","LTACH 5",5603001,83,208871,478.282,"Klebsiella pneumoniae","ST17"
"499","INT_CRE_517","SRR37387300","Illumina NovaSeq X","2021-23","Urine","LTACH 13",5569772,83,149989,503.704,"Klebsiella pneumoniae","ST258"
"500","INT_CRE_226","SRR37385518","Illumina NovaSeq X","2021-23","Urine","LTACH 13",5507649,80,152327,507.426,"Klebsiella pneumoniae","ST258"
"501","INT_CRE_667","SRR37387376","Illumina NovaSeq X","2021-23","Urine","LTACH 13",6169235,360,39991,418.573,"Klebsiella pneumoniae","ST258"
"502","INT_CRE_1480","SRR37385598","Illumina NovaSeq X","2021-23","Respiratory","LTACH 11",5518833,86,152707,920.188,"Klebsiella pneumoniae","ST258"
"503","INT_CRE_407","SRR37387474","Illumina NovaSeq X","2021-23","Blood","LTACH 1",5583671,71,251019,373.088,"Klebsiella pneumoniae","ST35"
"504","INT_CRE_553","SRR37387880","Illumina NovaSeq X","2021-23","Respiratory","LTACH 12",6209512,271,73230,319.311,"Klebsiella pneumoniae","ST25"
"505","INT_CRE_449","SRR37387651","Illumina NovaSeq X","2021-23","Respiratory","LTACH 12",5707703,104,144460,444.503,"Klebsiella pneumoniae","ST25"
"506","INT_CRE_11","SRR37385398","Illumina NovaSeq X","2021-23","Respiratory","LTACH 4",5449773,56,201270,378.466,"Klebsiella pneumoniae","ST14"
"507","INT_CRE_59","SRR37387390","Illumina NovaSeq X","2021-23","Respiratory","LTACH 4",5447346,59,192727,386.612,"Klebsiella pneumoniae","ST14"
"508","INT_CRE_666","SRR37387377","Illumina NovaSeq X","2021-23","Respiratory","LTACH 12",5605687,89,223864,521.616,"Klebsiella pneumoniae","ST17"
"509","INT_CRE_1377","SRR37385666","Illumina NovaSeq X","2021-23","Respiratory","LTACH 3",5482847,57,217817,441.947,"Klebsiella pneumoniae","ST14"
"510","INT_CRE_129","SRR37385693","Illumina NovaSeq X","2021-23","Urine","LTACH 5",5572901,85,172489,434.465,"Klebsiella pneumoniae","ST17"
"511","INT_CRE_587","SRR37387392","Illumina NovaSeq X","2021-23","Urine","LTACH 3",5442414,60,198586,227.429,"Klebsiella pneumoniae","ST14"
"512","INT_CRE_711","SRR37387572","Illumina NovaSeq X","2021-23","Respiratory","LTACH 3",5395281,55,192727,419.789,"Klebsiella pneumoniae","ST14"
"513","INT_CRE_1393","SRR37385425","Illumina NovaSeq X","2021-23","Respiratory","LTACH 1",5459700,59,184900,452.598,"Klebsiella pneumoniae","ST14"
"514","INT_CRE_204","SRR37385535","Illumina NovaSeq X","2021-23","Respiratory","LTACH 13",5685877,92,139046,594.262,"Klebsiella pneumoniae","ST258"
"515","INT_CRE_734","SRR37387824","Illumina NovaSeq X","2021-23","Respiratory","LTACH 10",5421170,57,217822,470.696,"Klebsiella pneumoniae","ST14"
"516","INT_CRE_26","SRR37385510","Illumina NovaSeq X","2021-23","Urine","LTACH 3",5562046,96,135021,467.942,"Klebsiella pneumoniae","ST258"
"517","INT_CRE_155","SRR37385277","Illumina NovaSeq X","2021-23","Urine","LTACH 5",5642397,84,169165,422.889,"Klebsiella pneumoniae","ST258"
"518","INT_CRE_481","SRR37387459","Illumina NovaSeq X","2021-23","Urine","LTACH 1",5692057,103,130064,379.032,"Klebsiella pneumoniae","ST258"
"519","INT_CRE_1103","SRR37385393","Illumina NovaSeq X","2021-23","Wound","LTACH 2",5650082,105,129842,351.875,"Klebsiella pneumoniae","ST258"
"520","INT_CRE_181","SRR37385802","Illumina NovaSeq X","2021-23","Respiratory","LTACH 13",5239360,62,194366,490.145,"Klebsiella pneumoniae","ST258"
"521","INT_CRE_58","SRR37387401","Illumina NovaSeq X","2021-23","Respiratory","LTACH 10",5547947,92,138083,485.892,"Klebsiella pneumoniae","ST25"
"522","INT_CRE_1370","SRR37385542","Illumina NovaSeq X","2021-23","Blood","LTACH 8",5650601,96,130050,415.281,"Klebsiella pneumoniae","ST258"
"523","INT_CRE_1276","SRR37385462","Illumina NovaSeq X","2021-23","Respiratory","LTACH 1",5713540,93,154480,480.466,"Klebsiella pneumoniae","ST258"
"524","INT_CRE_1476","SRR37385604","Illumina NovaSeq X","2021-23","Respiratory","LTACH 7",5462487,89,223640,758.091,"Klebsiella pneumoniae","ST17"
"525","INT_CRE_707","SRR37387577","Illumina NovaSeq X","2021-23","Respiratory","LTACH 10",5450330,65,176285,377.625,"Klebsiella pneumoniae","ST14"
"526","INT_CRE_728","SRR37387831","Illumina NovaSeq X","2021-23","Respiratory","LTACH 10",5439887,50,271832,452.175,"Klebsiella pneumoniae","ST14"
"527","INT_CRE_1355","SRR37385558","Illumina NovaSeq X","2021-23","Respiratory","LTACH 2",5619539,94,150401,372.597,"Klebsiella pneumoniae","ST258"
"528","INT_CRE_1230","SRR37385712","Illumina NovaSeq X","2021-23","Wound","LTACH 2",5646348,105,129409,398.47,"Klebsiella pneumoniae","ST258"
"529","INT_CRE_442","SRR37387317","Illumina NovaSeq X","2021-23","Respiratory","LTACH 5",5845138,74,182727,453.309,"Klebsiella pneumoniae","ST307"
"530","INT_CRE_435","SRR37387325","Illumina NovaSeq X","2021-23","Wound","LTACH 7",5693069,103,129409,343.252,"Klebsiella pneumoniae","ST258"
"531","INT_CRE_1161","SRR37385741","Illumina NovaSeq X","2021-23","Urine","LTACH 8",5689186,54,251005,418.616,"Klebsiella pneumoniae","ST35"
"532","INT_CRE_732","SRR37387826","Illumina NovaSeq X","2021-23","Urine","LTACH 8",5693648,65,172604,459.425,"Klebsiella pneumoniae","ST35"
"533","INT_CRE_239","SRR37385770","Illumina NovaSeq X","2021-23","Urine","LTACH 1",5489670,57,201541,485.31,"Klebsiella pneumoniae","ST14"
"534","INT_CRE_1037","SRR37385543","Illumina NovaSeq X","2021-23","Wound","LTACH 7",5642750,76,157590,476.969,"Klebsiella pneumoniae","ST258"
"535","INT_CRE_1178","SRR37385724","Illumina NovaSeq X","2021-23","Urine","LTACH 10",5454302,55,192727,361.735,"Klebsiella pneumoniae","ST14"
"536","INT_CRE_27","SRR37385930","Illumina NovaSeq X","2021-23","Urine","LTACH 4",5500002,86,137349,341.792,"Klebsiella pneumoniae","ST258"
"537","INT_CRE_1099","SRR37385399","Illumina NovaSeq X","2021-23","Urine","LTACH 1",5308914,49,230027,428.626,"Klebsiella pneumoniae","ST485"
"538","INT_CRE_950","SRR37387683","Illumina NovaSeq X","2021-23","Wound","LTACH 8",5599456,73,190411,367.027,"Klebsiella pneumoniae","ST987"
"539","INT_CRE_1095","SRR37385614","Illumina NovaSeq X","2021-23","Respiratory","LTACH 8",5590169,71,190411,461.598,"Klebsiella pneumoniae","ST987"
"540","INT_CRE_1151","SRR37385574","Illumina NovaSeq X","2021-23","Blood","LTACH 8",5600199,72,178644,335.954,"Klebsiella pneumoniae","ST987"
"541","INT_CRE_180","SRR37385803","Illumina NovaSeq X","2021-23","Respiratory","LTACH 1",5531839,79,152195,478.017,"Klebsiella pneumoniae","ST258"
"542","INT_CRE_328","SRR37387433","Illumina NovaSeq X","2021-23","Urine","LTACH 1",5534027,86,137350,453.356,"Klebsiella pneumoniae","ST258"
"543","INT_CRE_410","SRR37387451","Illumina NovaSeq X","2021-23","Wound","LTACH 4",5770324,102,152434,397.966,"Klebsiella pneumoniae","ST258"
"544","INT_CRE_1065","SRR37385640","Illumina NovaSeq X","2021-23","Respiratory","LTACH 3",5535724,64,207213,339.522,"Klebsiella pneumoniae","ST307"
"545","INT_CRE_1129","SRR37385246","Illumina NovaSeq X","2021-23","Blood","LTACH 10",5470726,58,192727,356.145,"Klebsiella pneumoniae","ST14"
"546","INT_CRE_1390","SRR37385650","Illumina NovaSeq X","2021-23","Wound","LTACH 5",5511073,47,331758,422.962,"Klebsiella pneumoniae","ST405"
"547","INT_CRE_1164","SRR37385737","Illumina NovaSeq X","2021-23","Respiratory","LTACH 2",5634564,108,129409,379.348,"Klebsiella pneumoniae","ST258"
"548","INT_CRE_951","SRR37387682","Illumina NovaSeq X","2021-23","Wound","LTACH 7",5593363,71,165443,352.091,"Klebsiella pneumoniae","ST307"
"549","INT_CRE_1021","SRR37385496","Illumina NovaSeq X","2021-23","Respiratory","LTACH 10",5417721,54,201270,367.893,"Klebsiella pneumoniae","ST14"
"550","INT_CRE_954","SRR37387680","Illumina NovaSeq X","2021-23","Respiratory","LTACH 4",5537401,63,185322,463.513,"Klebsiella pneumoniae","ST14"
"551","INT_CRE_546","SRR37387612","Illumina NovaSeq X","2021-23","Urine","LTACH 4",5504506,57,199915,436.319,"Klebsiella pneumoniae","ST14"
"552","INT_CRE_690","SRR37387257","Illumina NovaSeq X","2021-23","Urine","LTACH 4",5506329,57,177440,392.638,"Klebsiella pneumoniae","ST14"
"553","INT_CRE_792","SRR37387219","Illumina NovaSeq X","2021-23","Blood","LTACH 4",5349741,47,217820,429.311,"Klebsiella pneumoniae","ST14"
"554","INT_CRE_190","SRR37385792","Illumina NovaSeq X","2021-23","Blood","LTACH 7",5671834,86,151738,570.753,"Klebsiella pneumoniae","ST258"
"555","INT_CRE_679","SRR37387363","Illumina NovaSeq X","2021-23","Urine","LTACH 3",5487389,85,146147,444.942,"Klebsiella pneumoniae","ST25"
"556","INT_CRE_201","SRR37385539","Illumina NovaSeq X","2021-23","Other","LTACH 10",5471039,52,243850,450.327,"Klebsiella pneumoniae","ST307"
"557","INT_CRE_470","SRR37387470","Illumina NovaSeq X","2021-23","Blood","LTACH 10",5444410,54,198578,418.678,"Klebsiella pneumoniae","ST14"
"558","INT_CRE_700","SRR37387244","Illumina NovaSeq X","2021-23","Respiratory","LTACH 6",5488060,83,149980,445.012,"Klebsiella pneumoniae","ST258"
"559","INT_CRE_35","SRR37387833","Illumina NovaSeq X","2021-23","Respiratory","LTACH 5",5713756,100,157365,457.698,"Klebsiella pneumoniae","ST258"
"560","INT_CRE_937","SRR37387699","Illumina NovaSeq X","2021-23","Urine","LTACH 12",5730396,91,154274,325.386,"Klebsiella pneumoniae","ST258"
"561","INT_CRE_888","SRR37387512","Illumina NovaSeq X","2021-23","Wound","LTACH 7",5585576,73,196603,492.772,"Klebsiella pneumoniae","ST987"
"562","INT_CRE_146","SRR37385357","Illumina NovaSeq X","2021-23","Respiratory","LTACH 1",5442277,56,201651,510.171,"Klebsiella pneumoniae","ST14"
"563","INT_CRE_153","SRR37385279","Illumina NovaSeq X","2021-23","Wound","LTACH 6",5701623,100,132641,445.531,"Klebsiella pneumoniae","ST258"
"564","INT_CRE_228","SRR37385779","Illumina NovaSeq X","2021-23","Respiratory","LTACH 6",5699718,102,129842,512.527,"Klebsiella pneumoniae","ST258"
"565","INT_CRE_962","SRR37387503","Illumina NovaSeq X","2021-23","Respiratory","LTACH 7",5441053,53,217814,271.345,"Klebsiella pneumoniae","ST14"
"566","INT_CRE_268","SRR37385931","Illumina NovaSeq X","2021-23","Urine","LTACH 5",5652833,103,142930,502.342,"Klebsiella pneumoniae","ST258"
"567","INT_CRE_358","SRR37387355","Illumina NovaSeq X","2021-23","Blood","LTACH 12",5537110,59,192727,405.187,"Klebsiella pneumoniae","ST14"
"568","INT_CRE_227","SRR37385517","Illumina NovaSeq X","2021-23","Wound","LTACH 2",5694142,100,142930,576.821,"Klebsiella pneumoniae","ST258"
"569","INT_CRE_130","SRR37385681","Illumina NovaSeq X","2021-23","Respiratory","LTACH 5",5521503,70,182468,494.722,"Klebsiella pneumoniae","ST14"
"570","INT_CRE_237","SRR37385772","Illumina NovaSeq X","2021-23","Respiratory","LTACH 4",5691143,107,129837,478.368,"Klebsiella pneumoniae","ST258"
"571","INT_CRE_252","SRR37385757","Illumina NovaSeq X","2021-23","Respiratory","LTACH 4",5446026,59,190363,511.975,"Klebsiella pneumoniae","ST14"
"572","INT_CRE_1475","SRR37385605","Illumina NovaSeq X","2021-23","Urine","LTACH 8",5529807,56,240730,828.311,"Klebsiella pneumoniae","ST307"
"573","INT_CRE_1089","SRR37385621","Illumina NovaSeq X","2021-23","Respiratory","LTACH 10",5521436,56,201432,387.802,"Klebsiella pneumoniae","ST14"
"574","INT_CRE_1465","SRR37385609","Illumina NovaSeq X","2021-23","Respiratory","LTACH 8",5444709,79,268867,486.23,"Klebsiella pneumoniae","ST4081"
"575","INT_CRE_172","SRR37385813","Illumina NovaSeq X","2021-23","Respiratory","LTACH 6",5742438,114,128431,361.856,"Klebsiella pneumoniae","ST258"
"576","INT_CRE_1351","SRR37385561","Illumina NovaSeq X","2021-23","Wound","LTACH 3",5779422,73,194863,439.189,"Klebsiella pneumoniae","ST116"
"577","INT_CRE_1068","SRR37385326","Illumina NovaSeq X","2021-23","Wound","LTACH 6",5696054,106,176147,378.375,"Klebsiella pneumoniae","ST14"
"578","INT_CRE_1094","SRR37385615","Illumina NovaSeq X","2021-23","Urine","LTACH 13",5506188,87,137616,486.263,"Klebsiella pneumoniae","ST258"
"579","INT_CRE_352","SRR37387254","Illumina NovaSeq X","2021-23","Wound","LTACH 12",5510828,61,182305,386.492,"Klebsiella pneumoniae","ST14"
"580","INT_CRE_1451","SRR37385366","Illumina NovaSeq X","2021-23","Urine","LTACH 11",5587078,65,183036,448.12,"Klebsiella pneumoniae","ST307"
"581","INT_CRE_608","SRR37387271","Illumina NovaSeq X","2021-23","Blood","LTACH 3",5648601,104,149911,277.084,"Klebsiella pneumoniae","ST258"
"582","INT_CRE_651","SRR37387845","Illumina NovaSeq X","2021-23","Blood","LTACH 3",5651525,105,130064,473.756,"Klebsiella pneumoniae","ST258"
"583","INT_CRE_218","SRR37385524","Illumina NovaSeq X","2021-23","Respiratory","LTACH 4",5444266,55,192727,474.992,"Klebsiella pneumoniae","ST14"
"584","INT_CRE_278","SRR37385350","Illumina NovaSeq X","2021-23","Respiratory","LTACH 11",5242944,72,157747,458.133,"Klebsiella pneumoniae","ST258"
"585","INT_CRE_768","SRR37387340","Illumina NovaSeq X","2021-23","Blood","LTACH 4",5520796,55,217820,483.602,"Klebsiella pneumoniae","ST14"
"586","INT_CRE_769","SRR37387339","Illumina NovaSeq X","2021-23","Respiratory","LTACH 1",5681255,98,149642,511.162,"Klebsiella pneumoniae","ST258"
"587","INT_CRE_1367","SRR37385546","Illumina NovaSeq X","2021-23","Respiratory","LTACH 9",5759988,88,185730,370.975,"Klebsiella pneumoniae","ST16"
"588","INT_CRE_555","SRR37387879","Illumina NovaSeq X","2021-23","Respiratory","LTACH 4",5502180,63,185525,319.702,"Klebsiella pneumoniae","ST14"
"589","INT_CRE_739","SRR37387819","Illumina NovaSeq X","2021-23","Blood","LTACH 4",5549734,64,185531,467.979,"Klebsiella pneumoniae","ST14"
"590","INT_CRE_1578","SRR37385273","Illumina NovaSeq X","2021-23","Blood","LTACH 12",5630694,106,110781,134.576,"Klebsiella pneumoniae","ST11"
"591","INT_CRE_1101","SRR37385395","Illumina NovaSeq X","2021-23","Wound","LTACH 12",5707310,104,113786,427.947,"Klebsiella pneumoniae","ST11"
"592","INT_CRE_516","SRR37387301","Illumina NovaSeq X","2021-23","Urine","LTACH 4",5438797,51,233028,393.387,"Klebsiella pneumoniae","ST14"
"593","INT_CRE_178","SRR37385806","Illumina NovaSeq X","2021-23","Respiratory","LTACH 4",5449633,63,198582,647.235,"Klebsiella pneumoniae","ST14"
"594","INT_CRE_1048","SRR37385294","Illumina NovaSeq X","2021-23","Respiratory","LTACH 3",5912352,103,131130,416.67,"Klebsiella pneumoniae","ST258"
"595","INT_CRE_1306","SRR37385673","Illumina NovaSeq X","2021-23","Respiratory","LTACH 3",5504732,79,139046,329.799,"Klebsiella pneumoniae","ST258"
"596","INT_CRE_161","SRR37385825","Illumina NovaSeq X","2021-23","Respiratory","LTACH 4",5445766,56,217814,469.872,"Klebsiella pneumoniae","ST14"
"597","INT_CRE_231","SRR37385775","Illumina NovaSeq X","2021-23","Respiratory","LTACH 4",5447049,54,201487,483.576,"Klebsiella pneumoniae","ST14"
"598","INT_CRE_1253","SRR37385889","Illumina NovaSeq X","2021-23","Other","LTACH 1",5504473,54,201270,519.133,"Klebsiella pneumoniae","ST14"
"599","INT_CRE_417","SRR37387443","Illumina NovaSeq X","2021-23","Wound","LTACH 8",5638225,80,240722,317.404,"Klebsiella pneumoniae","ST35"
"600","INT_CRE_32","SRR37387282","Illumina NovaSeq X","2021-23","Urine","LTACH 6",5546006,92,152564,437.361,"Klebsiella pneumoniae","ST258"
"601","INT_CRE_219","SRR37385523","Illumina NovaSeq X","2021-23","Respiratory","LTACH 5",5649833,103,142930,509.606,"Klebsiella pneumoniae","ST258"
"602","INT_CRE_1025","SRR37385698","Illumina NovaSeq X","2021-23","Blood","LTACH 3",5664290,93,154739,389.487,"Klebsiella pneumoniae","ST258"
"603","INT_CRE_1063","SRR37385344","Illumina NovaSeq X","2021-23","Wound","LTACH 7",5398624,52,200010,413.026,"Klebsiella pneumoniae","ST14"
"604","INT_CRE_175","SRR37385810","Illumina NovaSeq X","2021-23","Respiratory","LTACH 10",5449645,77,172489,476.757,"Klebsiella pneumoniae","ST17"
"605","INT_CRE_1414","SRR37385404","Illumina NovaSeq X","2021-23","Respiratory","LTACH 6",5486756,69,155007,392.56,"Klebsiella pneumoniae","ST45"
"606","INT_CRE_1271","SRR37385468","Illumina NovaSeq X","2021-23","Respiratory","LTACH 2",5435618,78,152204,417.009,"Klebsiella pneumoniae","ST258"
"607","INT_CRE_433","SRR37387328","Illumina NovaSeq X","2021-23","Urine","LTACH 12",5346899,50,217814,350.557,"Klebsiella pneumoniae","ST14"
"608","INT_CRE_1018","SRR37385728","Illumina NovaSeq X","2021-23","Urine","LTACH 6",5530080,90,137616,519.437,"Klebsiella pneumoniae","ST258-1LV"
"609","INT_CRE_552","SRR37387605","Illumina NovaSeq X","2021-23","Urine","LTACH 6",5532509,92,137373,275.147,"Klebsiella pneumoniae","ST258"
"610","INT_CRE_302","SRR37385639","Illumina NovaSeq X","2021-23","Blood","LTACH 1",5526436,89,140355,407.804,"Klebsiella pneumoniae","ST258"
"611","INT_CRE_421","SRR37387438","Illumina NovaSeq X","2021-23","Blood","LTACH 12",5708982,102,147021,386.444,"Klebsiella pneumoniae","ST25"
"612","INT_CRE_202","SRR37385538","Illumina NovaSeq X","2021-23","Blood","LTACH 1",5511518,87,149642,481.081,"Klebsiella pneumoniae","ST258"
"613","INT_CRE_924","SRR37387725","Illumina NovaSeq X","2021-23","Urine","LTACH 10",5418629,55,217822,395.556,"Klebsiella pneumoniae","ST14"
"614","INT_CRE_524","SRR37387292","Illumina NovaSeq X","2021-23","Urine","LTACH 6",5646664,87,149989,385.552,"Klebsiella pneumoniae","ST258"
"615","INT_CRE_336","SRR37387309","Illumina NovaSeq X","2021-23","Wound","LTACH 6",5641695,92,146063,429.977,"Klebsiella pneumoniae","ST258"
"616","INT_CRE_1093","SRR37385616","Illumina NovaSeq X","2021-23","Respiratory","LTACH 3",5635442,89,157585,435.224,"Klebsiella pneumoniae","ST258"
"617","INT_CRE_941","SRR37387694","Illumina NovaSeq X","2021-23","Blood","LTACH 5",5552566,75,156858,331.327,"Klebsiella pneumoniae","ST987"
"618","INT_CRE_913","SRR37387761","Illumina NovaSeq X","2021-23","Blood","LTACH 5",5549664,69,196520,551.163,"Klebsiella pneumoniae","ST987"
"619","INT_CRE_589","SRR37387391","Illumina NovaSeq X","2021-23","Wound","LTACH 3",5282948,76,154344,277.9,"Klebsiella pneumoniae","ST1084"
"620","INT_CRE_716","SRR37387567","Illumina NovaSeq X","2021-23","Urine","LTACH 3",5283199,83,130607,507.653,"Klebsiella pneumoniae","ST1084"
"621","INT_CRE_1463","SRR37385612","Illumina NovaSeq X","2021-23","Respiratory","LTACH 12",5654676,89,157590,499.488,"Klebsiella pneumoniae","ST258"
"622","INT_CRE_159","SRR37385260","Illumina NovaSeq X","2021-23","Blood","LTACH 7",5344087,64,225382,466.109,"Klebsiella pneumoniae","ST17"
"623","INT_CRE_785","SRR37387228","Illumina NovaSeq X","2021-23","Respiratory","LTACH 2",5521227,84,154415,392.356,"Klebsiella pneumoniae","ST258"
"624","INT_CRE_79","SRR37387222","Illumina NovaSeq X","2021-23","Respiratory","LTACH 6",5777987,112,149642,392.139,"Klebsiella pneumoniae","ST258"
"625","INT_CRE_1258","SRR37385885","Illumina NovaSeq X","2021-23","Blood","LTACH 6",5707543,112,110781,511.969,"Klebsiella pneumoniae","ST11"
"626","INT_CRE_383","SRR37387671","Illumina NovaSeq X","2021-23","Blood","LTACH 4",5535605,77,174331,364.657,"Klebsiella pneumoniae","ST14"
"627","INT_CRE_216","SRR37385527","Illumina NovaSeq X","2021-23","Urine","LTACH 13",5683305,122,124811,532.588,"Klebsiella pneumoniae","ST258"
"628","INT_CRE_318","SRR37387456","Illumina NovaSeq X","2021-23","Wound","LTACH 7",5526959,62,186238,469.173,"Klebsiella pneumoniae","ST35"
"629","INT_CRE_115","SRR37385576","Illumina NovaSeq X","2021-23","Blood","LTACH 12",5685581,88,152204,489.476,"Klebsiella pneumoniae","ST258"
"630","INT_CRE_1109","SRR37385388","Illumina NovaSeq X","2021-23","Respiratory","LTACH 10",5474301,61,201270,322.772,"Klebsiella pneumoniae","ST14"
"631","INT_CRE_1091","SRR37385618","Illumina NovaSeq X","2021-23","Respiratory","LTACH 8",5353528,46,167563,431.453,"Klebsiella pneumoniae","ST6-1LV"
"632","INT_CRE_1191","SRR37385912","Illumina NovaSeq X","2021-23","Respiratory","LTACH 8",5410334,50,150469,375.047,"Klebsiella pneumoniae","ST6-1LV"
"633","INT_CRE_56","SRR37387874","Illumina NovaSeq X","2021-23","Respiratory","LTACH 7",5527937,50,265934,404.395,"Klebsiella pneumoniae","ST35"
"634","INT_CRE_804","SRR37387547","Illumina NovaSeq X","2021-23","Respiratory","LTACH 5",5623560,63,170588,531.474,"Klebsiella pneumoniae","ST307"
"635","INT_CRE_922","SRR37387727","Illumina NovaSeq X","2021-23","Blood","LTACH 3",5804976,107,136282,386.311,"Klebsiella pneumoniae","ST258"
"636","INT_CRE_532","SRR37387625","Illumina NovaSeq X","2021-23","Blood","LTACH 3",5612170,95,142930,393.371,"Klebsiella pneumoniae","ST258"
"637","INT_CRE_1046","SRR37385600","Illumina NovaSeq X","2021-23","Respiratory","LTACH 6",5422833,57,201432,425.79,"Klebsiella pneumoniae","ST14"
"638","INT_CRE_1513","SRR37385281","Illumina NovaSeq X","2021-23","Wound","LTACH 6",5420960,54,217814,893.509,"Klebsiella pneumoniae","ST14"
"639","INT_CRE_1346","SRR37385429","Illumina NovaSeq X","2021-23","Wound","LTACH 6",5362071,53,217814,415.274,"Klebsiella pneumoniae","ST14"
"640","INT_CRE_1134","SRR37385750","Illumina NovaSeq X","2021-23","Respiratory","LTACH 6",5424891,59,192727,359.41,"Klebsiella pneumoniae","ST14"
"641","INT_CRE_1308","SRR37385875","Illumina NovaSeq X","2021-23","Respiratory","LTACH 6",5426115,55,186720,397.989,"Klebsiella pneumoniae","ST14"
"642","INT_CRE_1243","SRR37385696","Illumina NovaSeq X","2021-23","Blood","LTACH 10",5682285,114,127026,483.069,"Klebsiella pneumoniae","ST163"
"643","INT_CRE_6","SRR37387283","Illumina NovaSeq X","2021-23","Urine","LTACH 7",5588026,65,322328,531.701,"Klebsiella pneumoniae","ST987"
"644","INT_CRE_1092","SRR37385617","Illumina NovaSeq X","2021-23","Respiratory","LTACH 9",5743426,100,128229,483.754,"Klebsiella pneumoniae","ST258"
"645","INT_CRE_114","SRR37385588","Illumina NovaSeq X","2021-23","Urine","LTACH 13",5538601,85,178412,419.772,"Klebsiella pneumoniae","ST17"
"646","INT_CRE_1396","SRR37385422","Illumina NovaSeq X","2021-23","Respiratory","LTACH 5",5549089,62,150794,441.894,"Klebsiella pneumoniae","ST1569"
"647","INT_CRE_638","SRR37387584","Illumina NovaSeq X","2021-23","Respiratory","LTACH 8",5472880,51,194101,261.327,"Klebsiella pneumoniae","ST35"
"648","INT_CRE_974","SRR37387489","Illumina NovaSeq X","2021-23","Urine","LTACH 6",5605990,103,129409,424.536,"Klebsiella pneumoniae","ST258"
"649","INT_CRE_765","SRR37387343","Illumina NovaSeq X","2021-23","Other","LTACH 6",5615172,98,142814,392.375,"Klebsiella pneumoniae","ST258"
"650","INT_CRE_420","SRR37387439","Illumina NovaSeq X","2021-23","Wound","LTACH 3",5593726,98,142930,385.344,"Klebsiella pneumoniae","ST258"
"651","INT_CRE_158","SRR37385271","Illumina NovaSeq X","2021-23","Respiratory","LTACH 4",5445793,49,217814,509.644,"Klebsiella pneumoniae","ST14"
"652","INT_CRE_1157","SRR37385567","Illumina NovaSeq X","2021-23","Respiratory","LTACH 1",5858481,76,170731,395.855,"Klebsiella pneumoniae","ST307"
"653","INT_CRE_200","SRR37385540","Illumina NovaSeq X","2021-23","Blood","LTACH 2",5686109,101,149642,596.826,"Klebsiella pneumoniae","ST258"
"654","INT_CRE_1394","SRR37385424","Illumina NovaSeq X","2021-23","Wound","LTACH 6",5347522,48,193021,395.418,"Klebsiella pneumoniae","ST14"
"655","INT_CRE_1502","SRR37385290","Illumina NovaSeq X","2021-23","Wound","LTACH 6",5362419,48,194138,1041.34,"Klebsiella pneumoniae","ST14"
"656","INT_CRE_576","SRR37387405","Illumina NovaSeq X","2021-23","Respiratory","LTACH 4",5620672,158,192761,265.36,"Klebsiella pneumoniae","ST14"
"657","INT_CRE_205","SRR37385534","Illumina NovaSeq X","2021-23","Wound","LTACH 12",5515067,74,182467,537.696,"Klebsiella pneumoniae","ST14"
"658","INT_CRE_128","SRR37385458","Illumina NovaSeq X","2021-23","Respiratory","LTACH 5",5650612,98,142930,456.383,"Klebsiella pneumoniae","ST258"
"659","INT_CRE_209","SRR37385532","Illumina NovaSeq X","2021-23","Respiratory","LTACH 6",5679267,93,153528,570.038,"Klebsiella pneumoniae","ST258"
"660","INT_CRE_926","SRR37387722","Illumina NovaSeq X","2021-23","Urine","LTACH 12",5549983,84,154739,364.242,"Klebsiella pneumoniae","ST258"
"661","INT_CRE_965","SRR37387500","Illumina NovaSeq X","2021-23","Urine","LTACH 10",5458253,59,201270,326.076,"Klebsiella pneumoniae","ST14"
"662","INT_CRE_868","SRR37387531","Illumina NovaSeq X","2021-23","Urine","LTACH 10",5522593,59,192727,472.122,"Klebsiella pneumoniae","ST14"
"663","INT_CRE_633","SRR37387588","Illumina NovaSeq X","2021-23","Wound","LTACH 6",5543417,91,125331,210.646,"Klebsiella pneumoniae","ST25"
"664","INT_CRE_648","SRR37387849","Illumina NovaSeq X","2021-23","Urine","LTACH 6",5539751,94,117251,464.991,"Klebsiella pneumoniae","ST25"
"665","INT_CRE_21","SRR37385531","Illumina NovaSeq X","2021-23","Urine","LTACH 3",5650568,92,142930,333.265,"Klebsiella pneumoniae","ST258"
"666","INT_CRE_193","SRR37385789","Illumina NovaSeq X","2021-23","Respiratory","LTACH 6",5505238,81,149989,513.707,"Klebsiella pneumoniae","ST258"
"667","INT_CRE_196","SRR37385785","Illumina NovaSeq X","2021-23","Respiratory","LTACH 6",5516859,81,142930,500.157,"Klebsiella pneumoniae","ST258"
"668","INT_CRE_36","SRR37387237","Illumina NovaSeq X","2021-23","Wound","LTACH 7",5342955,47,186800,285.718,"Klebsiella pneumoniae","ST1017"
"669","INT_CRE_474","SRR37387465","Illumina NovaSeq X","2021-23","Respiratory","LTACH 3",5559124,89,135165,363.131,"Klebsiella pneumoniae","ST258"
"670","INT_CRE_469","SRR37387472","Illumina NovaSeq X","2021-23","Respiratory","LTACH 3",5592316,96,135165,399.868,"Klebsiella pneumoniae","ST258"
"671","INT_CRE_528","SRR37387288","Illumina NovaSeq X","2021-23","Urine","LTACH 6",5536264,84,149642,420.081,"Klebsiella pneumoniae","ST258"
"672","INT_CRE_594","SRR37387384","Illumina NovaSeq X","2021-23","Wound","LTACH 6",5575567,119,129830,250.797,"Klebsiella pneumoniae","ST258"
"673","INT_CRE_647","SRR37387850","Illumina NovaSeq X","2021-23","Respiratory","LTACH 8",5609744,88,160135,472.982,"Klebsiella pneumoniae","ST987"
"674","INT_CRE_812","SRR37387537","Illumina NovaSeq X","2021-23","Respiratory","LTACH 4",5398528,72,162966,392.2,"Klebsiella pneumoniae","ST258"
"675","INT_CRE_1591","SRR37385258","Illumina NovaSeq X","2021-23","Respiratory","LTACH 3",5638272,101,132935,172.348,"Klebsiella pneumoniae","ST258"
"676","INT_CRE_1104","SRR37385392","Illumina NovaSeq X","2021-23","Respiratory","LTACH 3",5495707,65,188504,394.555,"Klebsiella pneumoniae","ST307"
"677","INT_CRE_482","SRR37387888","Illumina NovaSeq X","2021-23","Respiratory","LTACH 4",5668740,103,139046,436.867,"Klebsiella pneumoniae","ST258"
"678","INT_CRE_306","SRR37385635","Illumina NovaSeq X","2021-23","Urine","LTACH 1",5524391,97,129830,423.579,"Klebsiella pneumoniae","ST258"
"679","INT_CRE_17","SRR37385816","Illumina NovaSeq X","2021-23","Urine","LTACH 7",5337142,59,225757,354.529,"Klebsiella pneumoniae","ST17"
"680","INT_CRE_295","SRR37385330","Illumina NovaSeq X","2021-23","Blood","LTACH 13",5688072,106,129409,399.412,"Klebsiella pneumoniae","ST258"
"681","INT_CRE_705","SRR37387579","Illumina NovaSeq X","2021-23","Urine","LTACH 10",5441892,60,165167,435.524,"Klebsiella pneumoniae","ST14"
"682","INT_CRE_25","SRR37385760","Illumina NovaSeq X","2021-23","Respiratory","LTACH 5",5545629,86,143500,449.2,"Klebsiella pneumoniae","ST258"
"683","INT_CRE_138","SRR37385662","Illumina NovaSeq X","2021-23","Respiratory","LTACH 8",5600718,70,221683,459.258,"Klebsiella pneumoniae","ST987"
"684","INT_CRE_1416","SRR37385402","Illumina NovaSeq X","2021-23","Urine","LTACH 13",5432926,78,198148,424.008,"Klebsiella pneumoniae","ST258"
"685","INT_CRE_462","SRR37387634","Illumina NovaSeq X","2021-23","Respiratory","LTACH 12",5608296,80,223864,387.71,"Klebsiella pneumoniae","ST17"
"686","INT_CRE_340","SRR37387872","Illumina NovaSeq X","2021-23","Respiratory","LTACH 5",5648726,108,129837,336.397,"Klebsiella pneumoniae","ST258"
"687","INT_CRE_1382","SRR37385660","Illumina NovaSeq X","2021-23","Blood","LTACH 6",5461862,53,201541,374.961,"Klebsiella pneumoniae","ST14"
"688","INT_CRE_1323","SRR37385857","Illumina NovaSeq X","2021-23","Wound","LTACH 7",5317602,46,279371,405.13,"Klebsiella pneumoniae","ST14"
"689","INT_CRE_264","SRR37385504","Illumina NovaSeq X","2021-23","Respiratory","LTACH 5",5653809,103,126914,511.954,"Klebsiella pneumoniae","ST258"
"690","INT_CRE_693","SRR37387253","Illumina NovaSeq X","2021-23","Respiratory","LTACH 1",5450010,56,192727,430.32,"Klebsiella pneumoniae","ST14"
"691","INT_CRE_493","SRR37387425","Illumina NovaSeq X","2021-23","Respiratory","LTACH 2",5681492,97,132764,473.261,"Klebsiella pneumoniae","ST258"
"692","INT_CRE_547","SRR37387611","Illumina NovaSeq X","2021-23","Blood","LTACH 2",5682800,100,129842,437.317,"Klebsiella pneumoniae","ST258"
"693","INT_CRE_283","SRR37385343","Illumina NovaSeq X","2021-23","Respiratory","LTACH 2",5675912,108,130418,440.272,"Klebsiella pneumoniae","ST258"
"694","INT_CRE_787","SRR37387225","Illumina NovaSeq X","2021-23","Wound","LTACH 6",6032113,128,117532,431.589,"Klebsiella pneumoniae","ST258"
"695","INT_CRE_213","SRR37385529","Illumina NovaSeq X","2021-23","Blood","LTACH 13",5552445,64,217820,574.151,"Klebsiella pneumoniae","ST14"
"696","INT_CRE_471","SRR37387468","Illumina NovaSeq X","2021-23","Respiratory","LTACH 5",5845659,72,181423,360.329,"Klebsiella pneumoniae","ST307"
"697","INT_CRE_984","SRR37387754","Illumina NovaSeq X","2021-23","Urine","LTACH 11",5693194,106,142433,475.907,"Klebsiella pneumoniae","ST258"
"698","INT_CRE_29","SRR37385337","Illumina NovaSeq X","2021-23","Respiratory","LTACH 4",5456240,61,201541,407.501,"Klebsiella pneumoniae","ST14"
"699","INT_CRE_625","SRR37387595","Illumina NovaSeq X","2021-23","Respiratory","LTACH 7",5555320,127,168064,273.331,"Klebsiella pneumoniae","ST45"
"700","INT_CRE_1192","SRR37385911","Illumina NovaSeq X","2021-23","Blood","LTACH 6",5424207,59,184721,398.519,"Klebsiella pneumoniae","ST14"
"701","INT_CRE_1330","SRR37385446","Illumina NovaSeq X","2021-23","Respiratory","LTACH 6",5419300,58,192726,419.87,"Klebsiella pneumoniae","ST14"
"702","INT_CRE_1127","SRR37385248","Illumina NovaSeq X","2021-23","Respiratory","LTACH 12",5709373,111,100050,354.962,"Klebsiella pneumoniae","ST11"
"703","INT_CRE_668","SRR37387375","Illumina NovaSeq X","2021-23","Respiratory","LTACH 1",5473729,65,185524,407.294,"Klebsiella pneumoniae","ST14"
"704","INT_CRE_986","SRR37387751","Illumina NovaSeq X","2021-23","Respiratory","LTACH 5",5582821,100,132759,450.192,"Klebsiella pneumoniae","ST258"
"705","INT_CRE_796","SRR37387556","Illumina NovaSeq X","2021-23","Respiratory","LTACH 2",5515461,100,143457,477.731,"Klebsiella pneumoniae","ST258"
"706","INT_CRE_62","SRR37387600","Illumina NovaSeq X","2021-23","Respiratory","LTACH 4",5406824,54,217814,507.047,"Klebsiella pneumoniae","ST14"
"707","INT_CRE_848","SRR37387210","Illumina NovaSeq X","2021-23","Respiratory","LTACH 1",5695046,49,266580,482.042,"Klebsiella pneumoniae","ST35"
"708","INT_CRE_1350","SRR37385562","Illumina NovaSeq X","2021-23","Respiratory","LTACH 1",5638288,94,132657,447.268,"Klebsiella pneumoniae","ST258"
"709","INT_CRE_752","SRR37387357","Illumina NovaSeq X","2021-23","Respiratory","LTACH 7",5295317,52,201542,424.487,"Klebsiella pneumoniae","ST14"
"710","INT_CRE_1214","SRR37385484","Illumina NovaSeq X","2021-23","Urine","LTACH 6",5476636,79,185395,374.23,"Klebsiella pneumoniae","ST258"
"711","INT_CRE_609","SRR37387269","Illumina NovaSeq X","2021-23","Wound","LTACH 2",5213263,77,163112,231.775,"Klebsiella pneumoniae","ST3639"
"712","INT_CRE_1499","SRR37385296","Illumina NovaSeq X","2021-23","Blood","LTACH 1",5671584,115,126390,880.915,"Klebsiella pneumoniae","ST258"
"713","INT_CRE_103","SRR37385690","Illumina NovaSeq X","2021-23","Respiratory","LTACH 10",5458390,78,213451,454.86,"Klebsiella pneumoniae","ST17"
"714","INT_CRE_710","SRR37387574","Illumina NovaSeq X","2021-23","Respiratory","LTACH 5",5801229,110,158577,464.157,"Klebsiella pneumoniae","ST3130"
"715","INT_CRE_99","SRR37387747","Illumina NovaSeq X","2021-23","Blood","LTACH 7",5446514,77,178855,549.943,"Klebsiella pneumoniae","ST258"
"716","INT_CRE_824","SRR37387800","Illumina NovaSeq X","2021-23","Respiratory","LTACH 1",5718730,71,240747,507.97,"Klebsiella pneumoniae","ST307"
"717","INT_CRE_627","SRR37387593","Illumina NovaSeq X","2021-23","Wound","LTACH 3",5417562,68,185309,254.692,"Klebsiella pneumoniae","ST14"
"718","INT_CRE_574","SRR37387857","Illumina NovaSeq X","2021-23","Blood","LTACH 1",5443264,56,192761,251.542,"Klebsiella pneumoniae","ST14"
"719","INT_CRE_1428","SRR37385839","Illumina NovaSeq X","2021-23","Wound","LTACH 3",5536893,87,155569,435.602,"Klebsiella pneumoniae","ST258"
"720","INT_CRE_289","SRR37385338","Illumina NovaSeq X","2021-23","Respiratory","LTACH 7",5613919,69,200765,397.362,"Klebsiella pneumoniae","ST307"
"721","INT_CRE_1347","SRR37385428","Illumina NovaSeq X","2021-23","Blood","LTACH 1",5363356,77,185785,475.616,"Klebsiella pneumoniae","ST17"
"722","INT_CRE_544","SRR37387614","Illumina NovaSeq X","2021-23","Respiratory","LTACH 6",5651547,84,157590,316.345,"Klebsiella pneumoniae","ST258"
"723","INT_CRE_263","SRR37385506","Illumina NovaSeq X","2021-23","Respiratory","LTACH 6",5652863,85,189689,500.337,"Klebsiella pneumoniae","ST258"
"724","INT_CRE_1010","SRR37385391","Illumina NovaSeq X","2021-23","Urine","LTACH 4",5518491,59,201433,351.79,"Klebsiella pneumoniae","ST14"
"725","INT_CRE_353","SRR37387242","Illumina NovaSeq X","2021-23","Respiratory","LTACH 3",5531953,63,167562,404.68,"Klebsiella pneumoniae","ST307-1LV"
"726","INT_CRE_441","SRR37387318","Illumina NovaSeq X","2021-23","Urine","LTACH 3",5445815,53,201270,424.793,"Klebsiella pneumoniae","ST14"
"727","INT_CRE_654","SRR37387841","Illumina NovaSeq X","2021-23","Urine","LTACH 3",5442930,60,192727,447.548,"Klebsiella pneumoniae","ST14"
"728","INT_CRE_12","SRR37385903","Illumina NovaSeq X","2021-23","Respiratory","LTACH 10",5461192,72,185449,325.254,"Klebsiella pneumoniae","ST17"
"729","INT_CRE_628","SRR37387592","Illumina NovaSeq X","2021-23","Urine","LTACH 9",5383159,74,205488,256.236,"Klebsiella pneumoniae","ST258"
"730","INT_CRE_641","SRR37387581","Illumina NovaSeq X","2021-23","Respiratory","LTACH 9",5449157,115,196781,309.414,"Klebsiella pneumoniae","ST258"
"731","INT_CRE_176","SRR37385808","Illumina NovaSeq X","2021-23","Blood","LTACH 7",5343923,67,172419,417.502,"Klebsiella pneumoniae","ST17"
"732","INT_CRE_136","SRR37385552","Illumina NovaSeq X","2021-23","Respiratory","LTACH 7",5337472,61,232427,541.78,"Klebsiella pneumoniae","ST17"
"733","INT_CRE_304","SRR37385637","Illumina NovaSeq X","2021-23","Wound","LTACH 7",5334242,66,240775,350.633,"Klebsiella pneumoniae","ST17"
"734","INT_CRE_1498","SRR37385297","Illumina NovaSeq X","2021-23","Respiratory","LTACH 12",5649421,95,130479,929.794,"Klebsiella pneumoniae","ST258"
"735","INT_CRE_262","SRR37385507","Illumina NovaSeq X","2021-23","Respiratory","LTACH 13",5589336,53,269124,565.225,"Klebsiella pneumoniae","ST45"
"736","INT_CRE_429","SRR37387333","Illumina NovaSeq X","2021-23","Wound","LTACH 3",5634620,89,198141,359.775,"Klebsiella pneumoniae","ST258"
"737","INT_CRE_314","SRR37385625","Illumina NovaSeq X","2021-23","Respiratory","LTACH 1",5664600,114,124812,377.221,"Klebsiella pneumoniae","ST258"
"738","INT_CRE_1283","SRR37385453","Illumina NovaSeq X","2021-23","Respiratory","LTACH 1",5467119,59,192727,462.923,"Klebsiella pneumoniae","ST14"
"739","INT_CRE_143","SRR37385837","Illumina NovaSeq X","2021-23","Respiratory","LTACH 6",5809927,96,129803,509.352,"Klebsiella pneumoniae","ST258"
"740","INT_CRE_1492","SRR37385303","Illumina NovaSeq X","2021-23","Respiratory","LTACH 10",5780850,82,190582,839.411,"Klebsiella pneumoniae","ST997"
"741","INT_CRE_192","SRR37385790","Illumina NovaSeq X","2021-23","Respiratory","LTACH 6",5395920,53,217814,523.181,"Klebsiella pneumoniae","ST14"
"742","INT_CRE_31","SRR37385631","Illumina NovaSeq X","2021-23","Respiratory","LTACH 6",5778704,104,135691,374.24,"Klebsiella pneumoniae","ST258"
"743","INT_CRE_1121","SRR37385255","Illumina NovaSeq X","2021-23","Wound","LTACH 6",5645720,69,201540,278.103,"Klebsiella pneumoniae","ST14"
"744","INT_CRE_617","SRR37387604","Illumina NovaSeq X","2021-23","Respiratory","LTACH 4",5408935,54,217814,212.746,"Klebsiella pneumoniae","ST14"
"745","INT_CRE_1464","SRR37385610","Illumina NovaSeq X","2021-23","Respiratory","LTACH 1",5615003,66,217820,482.187,"Klebsiella pneumoniae","ST14"
"746","INT_CRE_378","SRR37387488","Illumina NovaSeq X","2021-23","Blood","LTACH 12",5605311,91,232976,390.603,"Klebsiella pneumoniae","ST17"
"747","INT_CRE_197","SRR37385784","Illumina NovaSeq X","2021-23","Respiratory","LTACH 8",5680194,76,164417,513.019,"Klebsiella pneumoniae","ST307"
"748","INT_CRE_923","SRR37387726","Illumina NovaSeq X","2021-23","Respiratory","LTACH 6",5446206,81,138938,436.488,"Klebsiella pneumoniae","ST258"
"749","INT_CRE_916","SRR37387732","Illumina NovaSeq X","2021-23","Respiratory","LTACH 6",5446346,77,139046,417.705,"Klebsiella pneumoniae","ST258"
"750","INT_CRE_1176","SRR37385726","Illumina NovaSeq X","2021-23","Respiratory","LTACH 6",5414698,55,217814,400.133,"Klebsiella pneumoniae","ST14"
"751","INT_CRE_124","SRR37385701","Illumina NovaSeq X","2021-23","Respiratory","LTACH 13",5553404,83,139046,501.963,"Klebsiella pneumoniae","ST258"
"752","INT_CRE_1163","SRR37385738","Illumina NovaSeq X","2021-23","Respiratory","LTACH 1",5820569,61,184508,310.815,"Klebsiella pneumoniae","ST307"
"753","INT_CRE_598","SRR37387285","Illumina NovaSeq X","2021-23","Urine","LTACH 11",5468647,46,269124,216.228,"Klebsiella pneumoniae","ST45"
"754","INT_CRE_1418","SRR37385850","Illumina NovaSeq X","2021-23","Urine","LTACH 11",5393815,55,298472,427.905,"Klebsiella pneumoniae","ST2943"
"755","INT_CRE_778","SRR37387233","Illumina NovaSeq X","2021-23","Respiratory","LTACH 11",5677391,53,250344,523.95,"Klebsiella pneumoniae","ST45"
"756","INT_CRE_360","SRR37387226","Illumina NovaSeq X","2021-23","Wound","LTACH 12",5509312,63,176429,464.397,"Klebsiella pneumoniae","ST14"
"757","INT_CRE_351","SRR37387361","Illumina NovaSeq X","2021-23","Wound","LTACH 12",5608635,99,172489,403.096,"Klebsiella pneumoniae","ST17"
"758","INT_CRE_605","SRR37387274","Illumina NovaSeq X","2021-23","Blood","LTACH 5",5375541,48,209792,264.031,"Klebsiella pneumoniae","ST23"
"759","INT_CRE_4","SRR37387483","Illumina NovaSeq X","2021-23","Wound","LTACH 4",5701744,103,129409,546.717,"Klebsiella pneumoniae","ST258"
"760","INT_CRE_39","SRR37387664","Illumina NovaSeq X","2021-23","Respiratory","LTACH 6",5447783,62,185517,434.649,"Klebsiella pneumoniae","ST14"
"761","INT_CRE_368","SRR37387706","Illumina NovaSeq X","2021-23","Urine","LTACH 12",5606045,87,172489,404.437,"Klebsiella pneumoniae","ST17"
"762","INT_CRE_1399","SRR37385419","Illumina NovaSeq X","2021-23","Wound","LTACH 12",5649438,91,141456,486.633,"Klebsiella pneumoniae","ST258"
"763","INT_CRE_1241","SRR37385699","Illumina NovaSeq X","2021-23","Respiratory","LTACH 5",5630406,63,200656,464.702,"Klebsiella pneumoniae","ST307"
"764","INT_CRE_657","SRR37387838","Illumina NovaSeq X","2021-23","Respiratory","LTACH 5",5625520,69,193255,519.584,"Klebsiella pneumoniae","ST307"
"765","INT_CRE_703","SRR37387239","Illumina NovaSeq X","2021-23","Urine","LTACH 5",5630425,71,194606,318.182,"Klebsiella pneumoniae","ST307"
"766","INT_CRE_1040","SRR37385407","Illumina NovaSeq X","2021-23","Respiratory","LTACH 10",5467401,58,201432,401.195,"Klebsiella pneumoniae","ST14"
"767","INT_CRE_1158","SRR37385566","Illumina NovaSeq X","2021-23","Respiratory","LTACH 10",5475430,58,217822,338.829,"Klebsiella pneumoniae","ST14"
"768","INT_CRE_165","SRR37385822","Illumina NovaSeq X","2021-23","Blood","LTACH 1",5438731,56,201379,440.008,"Klebsiella pneumoniae","ST14"
"769","INT_CRE_13","SRR37385682","Illumina NovaSeq X","2021-23","Respiratory","LTACH 4",5661488,88,142930,386.562,"Klebsiella pneumoniae","ST258"
"770","INT_CRE_853","SRR37387205","Illumina NovaSeq X","2021-23","Respiratory","LTACH 4",5450744,59,196508,549.442,"Klebsiella pneumoniae","ST485"
"771","INT_CRE_1012","SRR37385249","Illumina NovaSeq X","2021-23","Respiratory","LTACH 11",5588437,67,204003,569.772,"Klebsiella pneumoniae","ST307"
"772","INT_CRE_1223","SRR37385719","Illumina NovaSeq X","2021-23","Wound","LTACH 7",5292777,61,172419,467.759,"Klebsiella pneumoniae","ST17"
"773","INT_CRE_1210","SRR37385489","Illumina NovaSeq X","2021-23","Wound","LTACH 1",5848206,64,203958,336.072,"Klebsiella pneumoniae","ST307"
"774","INT_CRE_1041","SRR37385846","Illumina NovaSeq X","2021-23","Respiratory","LTACH 11",5603816,90,149642,401.818,"Klebsiella pneumoniae","ST258"
"775","INT_CRE_1042","SRR37385835","Illumina NovaSeq X","2021-23","Urine","LTACH 10",5448138,78,192763,448.196,"Klebsiella pneumoniae","ST17"
"776","INT_CRE_663","SRR37387380","Illumina NovaSeq X","2021-23","Respiratory","LTACH 4",5405436,57,185309,404.995,"Klebsiella pneumoniae","ST14"
"777","INT_CRE_364","SRR37387799","Illumina NovaSeq X","2021-23","Urine","LTACH 6",5638778,100,142736,423.408,"Klebsiella pneumoniae","ST258"
"778","INT_CRE_952","SRR37387681","Illumina NovaSeq X","2021-23","Urine","LTACH 12",5706209,105,102431,314.074,"Klebsiella pneumoniae","ST11"
"779","INT_CRE_1419","SRR37385849","Illumina NovaSeq X","2021-23","Blood","LTACH 12",5689161,109,108438,496.105,"Klebsiella pneumoniae","ST11"
"780","INT_CRE_1173","SRR37385730","Illumina NovaSeq X","2021-23","Urine","LTACH 12",5701363,103,112897,374.772,"Klebsiella pneumoniae","ST11"
"781","INT_CRE_871","SRR37387528","Illumina NovaSeq X","2021-23","Urine","LTACH 12",5706847,95,126805,518.211,"Klebsiella pneumoniae","ST11"
"782","INT_CRE_203","SRR37385536","Illumina NovaSeq X","2021-23","Blood","LTACH 4",5482593,60,176285,512.112,"Klebsiella pneumoniae","ST14"
"783","INT_CRE_507","SRR37387408","Illumina NovaSeq X","2021-23","Wound","LTACH 6",5331140,53,190681,442.706,"Klebsiella pneumoniae","ST14"
"784","INT_CRE_104","SRR37385418","Illumina NovaSeq X","2021-23","Respiratory","LTACH 10",5624103,98,146771,439.433,"Klebsiella pneumoniae","ST258"
"785","INT_CRE_195","SRR37385786","Illumina NovaSeq X","2021-23","Blood","LTACH 10",5601874,92,129842,524.975,"Klebsiella pneumoniae","ST258"
"786","INT_CRE_359","SRR37387344","Illumina NovaSeq X","2021-23","Respiratory","LTACH 13",5680994,97,130050,398.629,"Klebsiella pneumoniae","ST258"
"787","INT_CRE_1429","SRR37385838","Illumina NovaSeq X","2021-23","Wound","LTACH 1",5522063,85,185395,402.186,"Klebsiella pneumoniae","ST258"
"788","INT_CRE_698","SRR37387248","Illumina NovaSeq X","2021-23","Wound","LTACH 6",5533105,90,131881,289.29,"Klebsiella pneumoniae","ST258"
"789","INT_CRE_733","SRR37387825","Illumina NovaSeq X","2021-23","Wound","LTACH 6",5508944,95,140350,429.744,"Klebsiella pneumoniae","ST258"
"790","INT_CRE_558","SRR37387876","Illumina NovaSeq X","2021-23","Urine","LTACH 4",5487505,62,192727,298.739,"Klebsiella pneumoniae","ST14"
"791","INT_CRE_882","SRR37387518","Illumina NovaSeq X","2021-23","Wound","LTACH 7",5638977,104,164292,478.736,"Klebsiella pneumoniae","ST307"
"792","INT_CRE_177","SRR37385807","Illumina NovaSeq X","2021-23","Blood","LTACH 4",5445519,56,217814,401.303,"Klebsiella pneumoniae","ST14"
"793","INT_CRE_1069","SRR37385325","Illumina NovaSeq X","2021-23","Respiratory","LTACH 10",5474935,59,217822,373.827,"Klebsiella pneumoniae","ST14"
"794","INT_CRE_1039","SRR37385651","Illumina NovaSeq X","2021-23","Respiratory","LTACH 5",5526557,56,275348,456.037,"Klebsiella pneumoniae","ST35"
"795","INT_CRE_1111","SRR37385386","Illumina NovaSeq X","2021-23","Wound","LTACH 5",5524406,49,259566,391.843,"Klebsiella pneumoniae","ST35"
"796","INT_CRE_149","SRR37385590","Illumina NovaSeq X","2021-23","Respiratory","LTACH 11",5244555,74,152087,560.274,"Klebsiella pneumoniae","ST258"
"797","INT_CRE_893","SRR37387784","Illumina NovaSeq X","2021-23","Blood","LTACH 11",5517374,68,179162,471.283,"Klebsiella pneumoniae","ST70"
"798","INT_CRE_457","SRR37387641","Illumina NovaSeq X","2021-23","Urine","LTACH 12",5489729,76,147308,398.749,"Klebsiella pneumoniae","ST25"
"799","INT_CRE_1194","SRR37385907","Illumina NovaSeq X","2021-23","Respiratory","LTACH 1",5481907,57,217814,420.974,"Klebsiella pneumoniae","ST14"
"800","INT_CRE_199","SRR37385782","Illumina NovaSeq X","2021-23","Urine","LTACH 5",5642001,94,132662,564.193,"Klebsiella pneumoniae","ST258"
"801","INT_CRE_535","SRR37387622","Illumina NovaSeq X","2021-23","Wound","LTACH 3",5447824,60,201541,365.077,"Klebsiella pneumoniae","ST14"
"802","INT_CRE_658","SRR37387837","Illumina NovaSeq X","2021-23","Urine","LTACH 3",5446444,61,177440,473.73,"Klebsiella pneumoniae","ST14"
"803","INT_CRE_743","SRR37387815","Illumina NovaSeq X","2021-23","Urine","LTACH 3",5445436,60,192727,449.16,"Klebsiella pneumoniae","ST14"
"804","INT_CRE_1363","SRR37385548","Illumina NovaSeq X","2021-23","Urine","LTACH 6",5376504,51,203694,460.626,"Klebsiella pneumoniae","ST14"
"805","INT_CRE_238","SRR37385771","Illumina NovaSeq X","2021-23","Urine","LTACH 6",5285463,48,323162,262.976,"Klebsiella pneumoniae","ST1547"
"806","INT_CRE_960","SRR37387505","Illumina NovaSeq X","2021-23","Urine","LTACH 1",5622828,82,143404,300.123,"Klebsiella pneumoniae","ST258"
"807","INT_CRE_156","SRR37385276","Illumina NovaSeq X","2021-23","Urine","LTACH 4",5447562,56,203736,483.218,"Klebsiella pneumoniae","ST14"
"808","INT_CRE_188","SRR37385794","Illumina NovaSeq X","2021-23","Respiratory","LTACH 4",6247131,248,107745,575.746,"Klebsiella pneumoniae","ST14"
"809","INT_CRE_1349","SRR37385564","Illumina NovaSeq X","2021-23","Wound","LTACH 7",5846417,66,170731,463.998,"Klebsiella pneumoniae","ST307"
"810","INT_CRE_1090","SRR37385619","Illumina NovaSeq X","2021-23","Respiratory","LTACH 6",5654632,86,152204,351.184,"Klebsiella pneumoniae","ST258"
"811","INT_CRE_577","SRR37387404","Illumina NovaSeq X","2021-23","Wound","LTACH 9",5672202,96,154480,242.792,"Klebsiella pneumoniae","ST258"
"812","INT_CRE_1466","SRR37385608","Illumina NovaSeq X","2021-23","Respiratory","LTACH 10",5538610,70,196113,432.58,"Klebsiella pneumoniae","ST307"
"813","INT_CRE_957","SRR37387508","Illumina NovaSeq X","2021-23","Respiratory","LTACH 13",5694304,103,129837,310.408,"Klebsiella pneumoniae","ST258"
"814","INT_CRE_296","SRR37385647","Illumina NovaSeq X","2021-23","Respiratory","LTACH 6",5551961,96,140809,284.115,"Klebsiella pneumoniae","ST258"
"815","INT_CRE_713","SRR37387570","Illumina NovaSeq X","2021-23","Respiratory","LTACH 10",5455923,60,185308,449.888,"Klebsiella pneumoniae","ST14"
"816","INT_CRE_895","SRR37387782","Illumina NovaSeq X","2021-23","Urine","LTACH 6",5480549,85,140283,405.066,"Klebsiella pneumoniae","ST258"
"817","INT_CRE_286","SRR37385340","Illumina NovaSeq X","2021-23","Respiratory","LTACH 12",5528095,72,152440,363.927,"Klebsiella pneumoniae","ST14"
"818","INT_CRE_341","SRR37387861","Illumina NovaSeq X","2021-23","Wound","LTACH 7",5675629,92,149642,453.564,"Klebsiella pneumoniae","ST258"
"819","INT_CRE_443","SRR37387316","Illumina NovaSeq X","2021-23","Wound","LTACH 12",5665352,128,178412,410.467,"Klebsiella pneumoniae","ST17"
"820","INT_CRE_1032","SRR37385861","Illumina NovaSeq X","2021-23","Other","LTACH 1",5466479,58,201540,447.053,"Klebsiella pneumoniae","ST14"
"821","INT_CRE_42","SRR37387440","Illumina NovaSeq X","2021-23","Respiratory","LTACH 9",5732832,97,139046,414.011,"Klebsiella pneumoniae","ST258"
"822","INT_CRE_217","SRR37385525","Illumina NovaSeq X","2021-23","Respiratory","LTACH 9",5729214,99,149472,469.024,"Klebsiella pneumoniae","ST258"
"823","INT_CRE_297","SRR37385646","Illumina NovaSeq X","2021-23","Wound","LTACH 9",5722306,111,128611,389.69,"Klebsiella pneumoniae","ST258"
"824","INT_CRE_151","SRR37385285","Illumina NovaSeq X","2021-23","Respiratory","LTACH 7",5614034,62,215853,508.88,"Klebsiella pneumoniae","ST307"
"825","INT_CRE_119","SRR37385914","Illumina NovaSeq X","2021-23","Respiratory","LTACH 7",5625098,94,150834,462.604,"Klebsiella pneumoniae","ST258"
"826","INT_CRE_1035","SRR37385426","Illumina NovaSeq X","2021-23","Respiratory","LTACH 12",5625626,106,102669,355.592,"Klebsiella pneumoniae","ST11"
"827","INT_CRE_152","SRR37385280","Illumina NovaSeq X","2021-23","Respiratory","LTACH 4",5602641,54,236640,554.867,"Klebsiella pneumoniae","ST307"
"828","INT_CRE_298","SRR37385645","Illumina NovaSeq X","2021-23","Respiratory","LTACH 4",5605970,60,182727,389.618,"Klebsiella pneumoniae","ST307"
"829","INT_CRE_179","SRR37385805","Illumina NovaSeq X","2021-23","Respiratory","LTACH 5",5644856,91,157661,491.788,"Klebsiella pneumoniae","ST258"
"830","INT_CRE_438","SRR37387322","Illumina NovaSeq X","2021-23","Respiratory","LTACH 8",5483098,65,308615,406.073,"Klebsiella pneumoniae","ST35"
"831","INT_CRE_989","SRR37387748","Illumina NovaSeq X","2021-23","Urine","LTACH 6",5534268,123,110840,422.898,"Klebsiella pneumoniae","ST258"
"832","INT_CRE_499","SRR37387419","Illumina NovaSeq X","2021-23","Respiratory","LTACH 6",5681946,114,108673,446.291,"Klebsiella pneumoniae","ST258"
"833","INT_CRE_380","SRR37387675","Illumina NovaSeq X","2021-23","Respiratory","LTACH 6",5680425,113,110840,425.417,"Klebsiella pneumoniae","ST258"
"834","INT_CRE_699","SRR37387247","Illumina NovaSeq X","2021-23","Urine","LTACH 6",5673636,131,110609,467.374,"Klebsiella pneumoniae","ST258"
"835","INT_CRE_644","SRR37387853","Illumina NovaSeq X","2021-23","Respiratory","LTACH 5",5621902,72,159563,455.893,"Klebsiella pneumoniae","ST35"
"836","INT_CRE_1361","SRR37385550","Illumina NovaSeq X","2021-23","Blood","LTACH 4",5704917,93,149642,441.886,"Klebsiella pneumoniae","ST258"
"837","INT_CRE_2","SRR37385781","Illumina NovaSeq X","2021-23","Urine","LTACH 7",5487767,79,183964,476.308,"Klebsiella pneumoniae","ST17"
"838","INT_CRE_1345","SRR37385430","Illumina NovaSeq X","2021-23","Respiratory","LTACH 5",5628427,68,182862,447.788,"Klebsiella pneumoniae","ST307"
"839","INT_CRE_1344","SRR37385431","Illumina NovaSeq X","2021-23","Wound","LTACH 5",5587395,56,226520,454.184,"Klebsiella pneumoniae","ST307"
"840","INT_CRE_1190","SRR37385913","Illumina NovaSeq X","2021-23","Respiratory","LTACH 5",5624862,63,182346,452.216,"Klebsiella pneumoniae","ST307"
"841","INT_CRE_948","SRR37387686","Illumina NovaSeq X","2021-23","Blood","LTACH 3",5656632,92,143404,429.093,"Klebsiella pneumoniae","ST258"
"842","INT_CRE_147","SRR37385607","Illumina NovaSeq X","2021-23","Respiratory","LTACH 1",5336226,52,250192,445.162,"Klebsiella pneumoniae","ST17"
"843","INT_CRE_1024","SRR37385709","Illumina NovaSeq X","2021-23","Urine","LTACH 6",5376070,53,217814,424.718,"Klebsiella pneumoniae","ST14"
"844","INT_CRE_266","SRR37385502","Illumina NovaSeq X","2021-23","Urine","LTACH 6",5736102,91,157590,451.717,"Klebsiella pneumoniae","ST258"
"845","INT_CRE_1281","SRR37385455","Illumina NovaSeq X","2021-23","Urine","LTACH 6",5375955,52,217814,535.775,"Klebsiella pneumoniae","ST14"
"846","INT_CRE_775","SRR37387236","Illumina NovaSeq X","2021-23","Respiratory","LTACH 6",5345226,50,273658,453.063,"Klebsiella pneumoniae","ST14"
"847","INT_CRE_1583","SRR37385268","Illumina NovaSeq X","2021-23","Urine","LTACH 6",5537965,86,149642,184.264,"Klebsiella pneumoniae","ST258"
"848","INT_CRE_914","SRR37387736","Illumina NovaSeq X","2021-23","Respiratory","LTACH 6",5532741,83,140350,498.274,"Klebsiella pneumoniae","ST258"
"849","INT_CRE_354","SRR37387573","Illumina NovaSeq X","2021-23","Urine","LTACH 7",5255291,57,231669,395.537,"Klebsiella pneumoniae","ST661-1LV"
"850","INT_CRE_1446","SRR37385371","Illumina NovaSeq X","2021-23","Urine","LTACH 6",5594033,80,157502,442.813,"Klebsiella pneumoniae","ST258"
"851","INT_CRE_982","SRR37387756","Illumina NovaSeq X","2021-23","Respiratory","LTACH 6",5567275,74,154739,475.297,"Klebsiella pneumoniae","ST258"
"852","INT_CRE_1081","SRR37385312","Illumina NovaSeq X","2021-23","Wound","LTACH 6",5770886,90,129803,436.888,"Klebsiella pneumoniae","ST258"
"853","INT_CRE_1115","SRR37385383","Illumina NovaSeq X","2021-23","Respiratory","LTACH 6",5571439,88,129803,316.022,"Klebsiella pneumoniae","ST258"
"854","INT_CRE_1102","SRR37385394","Illumina NovaSeq X","2021-23","Urine","LTACH 11",5685424,121,124811,451.693,"Klebsiella pneumoniae","ST258"
"855","INT_CRE_1383","SRR37385659","Illumina NovaSeq X","2021-23","Blood","LTACH 12",5448424,77,157618,421.348,"Klebsiella pneumoniae","ST258"
"856","INT_CRE_131","SRR37385873","Illumina NovaSeq X","2021-23","Respiratory","LTACH 8",5601649,73,178644,522.934,"Klebsiella pneumoniae","ST987"
"857","INT_CRE_943","SRR37387692","Illumina NovaSeq X","2021-23","Urine","LTACH 6",5535353,80,151522,377.157,"Klebsiella pneumoniae","ST258"
"858","INT_CRE_1130","SRR37385754","Illumina NovaSeq X","2021-23","Respiratory","LTACH 6",5547768,93,150580,292.823,"Klebsiella pneumoniae","ST258"
"859","INT_CRE_294","SRR37385331","Illumina NovaSeq X","2021-23","Urine","LTACH 12",5702395,115,129224,407.73,"Klebsiella pneumoniae","ST25"
"860","INT_CRE_681","SRR37387360","Illumina NovaSeq X","2021-23","Urine","LTACH 12",5535364,63,201378,399.335,"Klebsiella pneumoniae","ST14"
"861","INT_CRE_40","SRR37387482","Illumina NovaSeq X","2021-23","Wound","LTACH 6",5530393,80,149642,394.177,"Klebsiella pneumoniae","ST258"
"862","INT_CRE_484","SRR37387886","Illumina NovaSeq X","2021-23","Urine","LTACH 4",5475191,57,192761,398.824,"Klebsiella pneumoniae","ST14"
"863","INT_CRE_557","SRR37387877","Illumina NovaSeq X","2021-23","Blood","LTACH 4",5526424,102,201378,305.796,"Klebsiella pneumoniae","ST14"
"864","INT_CRE_1490","SRR37385305","Illumina NovaSeq X","2021-23","Respiratory","LTACH 12",5647688,84,143531,946.872,"Klebsiella pneumoniae","ST258"
"865","INT_CRE_154","SRR37385278","Illumina NovaSeq X","2021-23","Other","LTACH 6",5651531,96,189689,508.539,"Klebsiella pneumoniae","ST258"
"866","INT_CRE_571","SRR37387860","Illumina NovaSeq X","2021-23","Respiratory","LTACH 1",5537397,71,194583,271.206,"Klebsiella pneumoniae","ST14"
"867","INT_CRE_1206","SRR37385493","Illumina NovaSeq X","2021-23","Respiratory","LTACH 6",5646074,68,185366,341.869,"Klebsiella pneumoniae","ST14"
"868","INT_CRE_562","SRR37387870","Illumina NovaSeq X","2021-23","Wound","LTACH 3",5441165,57,217820,238.079,"Klebsiella pneumoniae","ST14"
"869","INT_CRE_645","SRR37387852","Illumina NovaSeq X","2021-23","Respiratory","LTACH 3",5442161,58,185309,468.041,"Klebsiella pneumoniae","ST14"
"870","INT_CRE_615","SRR37387264","Illumina NovaSeq X","2021-23","Urine","LTACH 3",5437650,60,176434,263.899,"Klebsiella pneumoniae","ST14"
"871","INT_CRE_717","SRR37387566","Illumina NovaSeq X","2021-23","Respiratory","LTACH 3",5440620,61,159570,465.671,"Klebsiella pneumoniae","ST14"
"872","INT_CRE_38","SRR37387742","Illumina NovaSeq X","2021-23","Respiratory","LTACH 5",5650220,96,129409,334.973,"Klebsiella pneumoniae","ST258"
"873","INT_CRE_303","SRR37385638","Illumina NovaSeq X","2021-23","Urine","LTACH 5",5445592,79,183060,469.392,"Klebsiella pneumoniae","ST17"
"874","INT_CRE_969","SRR37387495","Illumina NovaSeq X","2021-23","Wound","LTACH 6",5592480,95,145763,352.126,"Klebsiella pneumoniae","ST258"
"875","INT_CRE_1580","SRR37385270","Illumina NovaSeq X","2021-23","Respiratory","LTACH 6",5605798,97,154480,167.795,"Klebsiella pneumoniae","ST258"
"876","INT_CRE_1124","SRR37385252","Illumina NovaSeq X","2021-23","Respiratory","LTACH 6",5591739,88,173419,244.481,"Klebsiella pneumoniae","ST258"
"877","INT_CRE_1307","SRR37385672","Illumina NovaSeq X","2021-23","Respiratory","LTACH 6",5591905,93,130479,378.598,"Klebsiella pneumoniae","ST258"
"878","INT_CRE_1202","SRR37385900","Illumina NovaSeq X","2021-23","Respiratory","LTACH 1",5458973,78,232976,375.016,"Klebsiella pneumoniae","ST17"
"879","INT_CRE_1489","SRR37385591","Illumina NovaSeq X","2021-23","Respiratory","LTACH 10",5333213,55,196195,882.612,"Klebsiella pneumoniae","ST29"
"880","INT_CRE_259","SRR37385511","Illumina NovaSeq X","2021-23","Respiratory","LTACH 3",5589064,92,137948,502.414,"Klebsiella pneumoniae","ST25"
"881","INT_CRE_983","SRR37387755","Illumina NovaSeq X","2021-23","Respiratory","LTACH 5",5649992,98,132662,446.142,"Klebsiella pneumoniae","ST258"
